cohort_date,day_offset,active_users
2020-11-01,0,2365
2020-11-01,1,128
2020-11-01,2,65
2020-11-01,3,50
2020-11-01,4,45
2020-11-01,5,35
2020-11-01,6,27
2020-11-01,7,20
2020-11-01,8,18
2020-11-01,9,15
2020-11-01,10,21
2020-11-01,11,23
2020-11-01,12,15
2020-11-01,13,8
2020-11-01,14,15
2020-11-01,15,11
2020-11-01,16,13
2020-11-01,17,9
2020-11-01,18,14
2020-11-01,19,12
2020-11-01,20,9
2020-11-01,21,8
2020-11-01,22,7
2020-11-01,23,8
2020-11-01,24,5
2020-11-01,25,3
2020-11-01,26,9
2020-11-01,27,6
2020-11-01,28,7
2020-11-01,29,7
2020-11-01,30,5
2020-11-01,31,3
2020-11-01,32,5
2020-11-01,33,5
2020-11-01,34,3
2020-11-01,35,3
2020-11-01,36,4
2020-11-01,37,8
2020-11-01,38,6
2020-11-01,39,4
2020-11-01,40,4
2020-11-01,41,1
2020-11-01,42,2
2020-11-01,43,1
2020-11-01,44,2
2020-11-01,46,3
2020-11-01,50,4
2020-11-01,51,7
2020-11-01,52,4
2020-11-01,54,1
2020-11-01,55,1
2020-11-01,56,2
2020-11-01,57,3
2020-11-01,58,1
2020-11-01,60,2
2020-11-01,64,1
2020-11-01,65,3
2020-11-01,66,3
2020-11-01,67,1
2020-11-01,68,1
2020-11-01,70,1
2020-11-01,71,1
2020-11-01,72,1
2020-11-01,74,2
2020-11-01,75,2
2020-11-01,76,2
2020-11-01,77,2
2020-11-01,79,1
2020-11-01,81,1
2020-11-01,84,4
2020-11-01,85,2
2020-11-01,86,2
2020-11-01,87,1
2020-11-01,88,1
2020-11-01,89,1
2020-11-01,90,2
2020-11-02,0,3134
2020-11-02,1,241
2020-11-02,2,98
2020-11-02,3,90
2020-11-02,4,58
2020-11-02,5,15
2020-11-02,6,18
2020-11-02,7,44
2020-11-02,8,50
2020-11-02,9,37
2020-11-02,10,44
2020-11-02,11,32
2020-11-02,12,10
2020-11-02,13,13
2020-11-02,14,30
2020-11-02,15,25
2020-11-02,16,36
2020-11-02,17,22
2020-11-02,18,31
2020-11-02,19,7
2020-11-02,20,8
2020-11-02,21,25
2020-11-02,22,26
2020-11-02,23,30
2020-11-02,24,13
2020-11-02,25,12
2020-11-02,26,5
2020-11-02,27,8
2020-11-02,28,24
2020-11-02,29,24
2020-11-02,30,9
2020-11-02,31,15
2020-11-02,32,14
2020-11-02,33,8
2020-11-02,34,5
2020-11-02,35,19
2020-11-02,36,22
2020-11-02,37,11
2020-11-02,38,10
2020-11-02,39,5
2020-11-02,40,3
2020-11-02,41,5
2020-11-02,42,13
2020-11-02,43,18
2020-11-02,44,16
2020-11-02,45,12
2020-11-02,46,6
2020-11-02,47,2
2020-11-02,49,8
2020-11-02,50,5
2020-11-02,51,2
2020-11-02,52,3
2020-11-02,53,2
2020-11-02,54,2
2020-11-02,55,2
2020-11-02,56,4
2020-11-02,57,3
2020-11-02,58,3
2020-11-02,59,1
2020-11-02,61,1
2020-11-02,62,1
2020-11-02,64,7
2020-11-02,65,3
2020-11-02,66,2
2020-11-02,67,3
2020-11-02,68,2
2020-11-02,69,1
2020-11-02,70,4
2020-11-02,71,4
2020-11-02,72,3
2020-11-02,73,4
2020-11-02,74,5
2020-11-02,75,1
2020-11-02,77,3
2020-11-02,78,7
2020-11-02,79,4
2020-11-02,80,4
2020-11-02,81,1
2020-11-02,82,1
2020-11-02,83,2
2020-11-02,84,5
2020-11-02,86,3
2020-11-02,87,6
2020-11-02,90,1
2020-11-03,0,4342
2020-11-03,1,272
2020-11-03,2,113
2020-11-03,3,88
2020-11-03,4,33
2020-11-03,5,20
2020-11-03,6,46
2020-11-03,7,62
2020-11-03,8,43
2020-11-03,9,45
2020-11-03,10,36
2020-11-03,11,17
2020-11-03,12,6
2020-11-03,13,35
2020-11-03,14,36
2020-11-03,15,30
2020-11-03,16,28
2020-11-03,17,29
2020-11-03,18,13
2020-11-03,19,7
2020-11-03,20,25
2020-11-03,21,29
2020-11-03,22,21
2020-11-03,23,10
2020-11-03,24,12
2020-11-03,25,10
2020-11-03,26,8
2020-11-03,27,17
2020-11-03,28,20
2020-11-03,29,14
2020-11-03,30,15
2020-11-03,31,18
2020-11-03,32,8
2020-11-03,33,3
2020-11-03,34,24
2020-11-03,35,35
2020-11-03,36,25
2020-11-03,37,13
2020-11-03,38,17
2020-11-03,39,10
2020-11-03,41,7
2020-11-03,42,15
2020-11-03,43,11
2020-11-03,44,11
2020-11-03,45,10
2020-11-03,46,3
2020-11-03,47,2
2020-11-03,48,8
2020-11-03,49,7
2020-11-03,50,3
2020-11-03,51,2
2020-11-03,52,2
2020-11-03,53,3
2020-11-03,55,4
2020-11-03,56,6
2020-11-03,57,2
2020-11-03,58,2
2020-11-03,60,1
2020-11-03,61,1
2020-11-03,62,4
2020-11-03,63,5
2020-11-03,64,23
2020-11-03,65,8
2020-11-03,66,6
2020-11-03,67,2
2020-11-03,68,2
2020-11-03,69,2
2020-11-03,70,7
2020-11-03,71,5
2020-11-03,72,5
2020-11-03,73,3
2020-11-03,74,2
2020-11-03,75,2
2020-11-03,76,2
2020-11-03,77,5
2020-11-03,78,3
2020-11-03,79,6
2020-11-03,80,4
2020-11-03,81,1
2020-11-03,82,1
2020-11-03,83,4
2020-11-03,84,7
2020-11-03,85,6
2020-11-03,86,7
2020-11-03,87,4
2020-11-03,88,1
2020-11-03,89,1
2020-11-04,0,3314
2020-11-04,1,199
2020-11-04,2,91
2020-11-04,3,40
2020-11-04,4,35
2020-11-04,5,56
2020-11-04,6,51
2020-11-04,7,49
2020-11-04,8,31
2020-11-04,9,26
2020-11-04,10,11
2020-11-04,11,15
2020-11-04,12,31
2020-11-04,13,22
2020-11-04,14,32
2020-11-04,15,25
2020-11-04,16,27
2020-11-04,17,17
2020-11-04,18,6
2020-11-04,19,10
2020-11-04,20,23
2020-11-04,21,25
2020-11-04,22,6
2020-11-04,23,14
2020-11-04,24,6
2020-11-04,25,14
2020-11-04,26,19
2020-11-04,27,15
2020-11-04,28,17
2020-11-04,29,12
2020-11-04,30,19
2020-11-04,31,4
2020-11-04,32,6
2020-11-04,33,14
2020-11-04,34,12
2020-11-04,35,12
2020-11-04,36,17
2020-11-04,37,11
2020-11-04,38,10
2020-11-04,39,5
2020-11-04,40,14
2020-11-04,41,11
2020-11-04,42,10
2020-11-04,43,10
2020-11-04,44,6
2020-11-04,45,1
2020-11-04,46,1
2020-11-04,47,6
2020-11-04,48,5
2020-11-04,49,4
2020-11-04,50,5
2020-11-04,54,4
2020-11-04,55,6
2020-11-04,56,1
2020-11-04,57,1
2020-11-04,58,1
2020-11-04,61,1
2020-11-04,62,5
2020-11-04,63,10
2020-11-04,64,7
2020-11-04,65,5
2020-11-04,66,3
2020-11-04,67,1
2020-11-04,68,3
2020-11-04,69,7
2020-11-04,70,4
2020-11-04,71,5
2020-11-04,72,5
2020-11-04,73,1
2020-11-04,74,1
2020-11-04,75,3
2020-11-04,76,2
2020-11-04,77,5
2020-11-04,78,5
2020-11-04,79,4
2020-11-04,80,3
2020-11-04,82,2
2020-11-04,83,4
2020-11-04,84,3
2020-11-04,85,3
2020-11-04,86,2
2020-11-04,88,1
2020-11-05,0,2825
2020-11-05,1,178
2020-11-05,2,37
2020-11-05,3,29
2020-11-05,4,46
2020-11-05,5,60
2020-11-05,6,50
2020-11-05,7,48
2020-11-05,8,26
2020-11-05,9,13
2020-11-05,10,13
2020-11-05,11,21
2020-11-05,12,24
2020-11-05,13,25
2020-11-05,14,17
2020-11-05,15,19
2020-11-05,16,13
2020-11-05,17,5
2020-11-05,18,17
2020-11-05,19,23
2020-11-05,20,12
2020-11-05,21,12
2020-11-05,22,16
2020-11-05,23,10
2020-11-05,24,13
2020-11-05,25,19
2020-11-05,26,24
2020-11-05,27,16
2020-11-05,28,24
2020-11-05,29,20
2020-11-05,30,12
2020-11-05,31,8
2020-11-05,32,7
2020-11-05,33,13
2020-11-05,34,13
2020-11-05,35,13
2020-11-05,36,12
2020-11-05,37,6
2020-11-05,38,4
2020-11-05,39,3
2020-11-05,40,11
2020-11-05,41,6
2020-11-05,42,15
2020-11-05,43,9
2020-11-05,44,2
2020-11-05,45,1
2020-11-05,46,7
2020-11-05,47,6
2020-11-05,48,5
2020-11-05,50,1
2020-11-05,51,2
2020-11-05,53,2
2020-11-05,54,5
2020-11-05,55,5
2020-11-05,56,1
2020-11-05,58,1
2020-11-05,59,1
2020-11-05,61,4
2020-11-05,62,2
2020-11-05,63,5
2020-11-05,64,4
2020-11-05,65,3
2020-11-05,66,1
2020-11-05,67,4
2020-11-05,68,2
2020-11-05,69,1
2020-11-05,70,1
2020-11-05,71,7
2020-11-05,72,1
2020-11-05,74,2
2020-11-05,76,5
2020-11-05,77,3
2020-11-05,78,6
2020-11-05,81,3
2020-11-05,82,3
2020-11-05,83,5
2020-11-05,84,4
2020-11-05,85,2
2020-11-05,87,1
2020-11-06,0,2363
2020-11-06,1,117
2020-11-06,2,49
2020-11-06,3,67
2020-11-06,4,55
2020-11-06,5,35
2020-11-06,6,32
2020-11-06,7,32
2020-11-06,8,16
2020-11-06,9,5
2020-11-06,10,17
2020-11-06,11,24
2020-11-06,12,20
2020-11-06,13,18
2020-11-06,14,20
2020-11-06,15,11
2020-11-06,16,9
2020-11-06,17,12
2020-11-06,18,20
2020-11-06,19,14
2020-11-06,20,12
2020-11-06,21,11
2020-11-06,22,3
2020-11-06,23,5
2020-11-06,24,11
2020-11-06,25,19
2020-11-06,26,16
2020-11-06,27,11
2020-11-06,28,12
2020-11-06,29,7
2020-11-06,30,5
2020-11-06,31,9
2020-11-06,32,7
2020-11-06,33,8
2020-11-06,34,12
2020-11-06,35,11
2020-11-06,36,3
2020-11-06,37,2
2020-11-06,38,8
2020-11-06,39,4
2020-11-06,40,7
2020-11-06,41,10
2020-11-06,42,7
2020-11-06,44,1
2020-11-06,45,4
2020-11-06,46,6
2020-11-06,47,3
2020-11-06,48,2
2020-11-06,51,1
2020-11-06,52,1
2020-11-06,53,2
2020-11-06,54,2
2020-11-06,55,1
2020-11-06,56,2
2020-11-06,57,2
2020-11-06,59,4
2020-11-06,60,5
2020-11-06,61,5
2020-11-06,62,2
2020-11-06,63,3
2020-11-06,65,1
2020-11-06,66,5
2020-11-06,67,5
2020-11-06,68,2
2020-11-06,69,5
2020-11-06,70,5
2020-11-06,72,2
2020-11-06,74,1
2020-11-06,75,2
2020-11-06,76,4
2020-11-06,77,3
2020-11-06,78,1
2020-11-06,80,2
2020-11-06,81,1
2020-11-06,82,4
2020-11-06,83,1
2020-11-06,84,2
2020-11-06,85,1
2020-11-07,0,1735
2020-11-07,1,87
2020-11-07,2,53
2020-11-07,3,30
2020-11-07,4,23
2020-11-07,5,18
2020-11-07,6,19
2020-11-07,7,21
2020-11-07,8,10
2020-11-07,9,8
2020-11-07,10,11
2020-11-07,11,14
2020-11-07,12,8
2020-11-07,13,14
2020-11-07,14,10
2020-11-07,15,2
2020-11-07,16,16
2020-11-07,17,8
2020-11-07,18,5
2020-11-07,19,2
2020-11-07,20,4
2020-11-07,21,9
2020-11-07,22,5
2020-11-07,23,3
2020-11-07,24,8
2020-11-07,25,3
2020-11-07,26,4
2020-11-07,27,5
2020-11-07,28,6
2020-11-07,29,4
2020-11-07,30,8
2020-11-07,31,8
2020-11-07,32,7
2020-11-07,33,5
2020-11-07,34,8
2020-11-07,35,4
2020-11-07,36,5
2020-11-07,37,4
2020-11-07,38,4
2020-11-07,39,6
2020-11-07,40,3
2020-11-07,41,3
2020-11-07,42,2
2020-11-07,43,1
2020-11-07,45,3
2020-11-07,46,2
2020-11-07,47,2
2020-11-07,48,1
2020-11-07,51,1
2020-11-07,52,2
2020-11-07,53,1
2020-11-07,54,2
2020-11-07,55,1
2020-11-07,56,2
2020-11-07,57,1
2020-11-07,58,1
2020-11-07,59,2
2020-11-07,60,1
2020-11-07,61,1
2020-11-07,62,3
2020-11-07,65,2
2020-11-07,66,1
2020-11-07,67,1
2020-11-07,68,1
2020-11-07,69,1
2020-11-07,71,1
2020-11-07,72,1
2020-11-07,76,1
2020-11-07,79,1
2020-11-07,80,2
2020-11-07,81,1
2020-11-07,82,1
2020-11-07,83,2
2020-11-08,0,1661
2020-11-08,1,110
2020-11-08,2,45
2020-11-08,3,14
2020-11-08,4,17
2020-11-08,5,16
2020-11-08,6,8
2020-11-08,7,13
2020-11-08,8,17
2020-11-08,9,11
2020-11-08,10,9
2020-11-08,11,9
2020-11-08,12,4
2020-11-08,13,1
2020-11-08,14,8
2020-11-08,15,3
2020-11-08,16,5
2020-11-08,17,12
2020-11-08,18,7
2020-11-08,19,7
2020-11-08,20,7
2020-11-08,21,7
2020-11-08,22,3
2020-11-08,23,3
2020-11-08,24,11
2020-11-08,25,6
2020-11-08,26,3
2020-11-08,27,1
2020-11-08,28,7
2020-11-08,29,5
2020-11-08,30,5
2020-11-08,31,4
2020-11-08,32,2
2020-11-08,33,5
2020-11-08,34,5
2020-11-08,35,2
2020-11-08,36,2
2020-11-08,37,1
2020-11-08,38,4
2020-11-08,39,1
2020-11-08,40,3
2020-11-08,41,2
2020-11-08,42,3
2020-11-08,43,1
2020-11-08,44,2
2020-11-08,45,4
2020-11-08,46,1
2020-11-08,47,2
2020-11-08,50,1
2020-11-08,52,1
2020-11-08,53,1
2020-11-08,54,3
2020-11-08,56,1
2020-11-08,57,3
2020-11-08,58,2
2020-11-08,59,1
2020-11-08,60,1
2020-11-08,62,2
2020-11-08,63,1
2020-11-08,64,1
2020-11-08,65,1
2020-11-08,66,4
2020-11-08,67,1
2020-11-08,69,1
2020-11-08,73,1
2020-11-08,74,1
2020-11-08,75,2
2020-11-08,80,2
2020-11-08,81,1
2020-11-09,0,2365
2020-11-09,1,144
2020-11-09,2,71
2020-11-09,3,45
2020-11-09,4,32
2020-11-09,5,15
2020-11-09,6,15
2020-11-09,7,56
2020-11-09,8,29
2020-11-09,9,23
2020-11-09,10,21
2020-11-09,11,19
2020-11-09,12,8
2020-11-09,13,14
2020-11-09,14,25
2020-11-09,15,26
2020-11-09,16,10
2020-11-09,17,9
2020-11-09,18,10
2020-11-09,19,8
2020-11-09,20,5
2020-11-09,21,14
2020-11-09,22,12
2020-11-09,23,14
2020-11-09,24,15
2020-11-09,25,11
2020-11-09,26,6
2020-11-09,28,16
2020-11-09,29,14
2020-11-09,30,10
2020-11-09,31,11
2020-11-09,32,9
2020-11-09,33,1
2020-11-09,34,3
2020-11-09,35,9
2020-11-09,36,8
2020-11-09,37,11
2020-11-09,38,8
2020-11-09,39,2
2020-11-09,40,4
2020-11-09,41,4
2020-11-09,42,6
2020-11-09,43,4
2020-11-09,44,2
2020-11-09,45,2
2020-11-09,46,2
2020-11-09,48,1
2020-11-09,49,3
2020-11-09,50,4
2020-11-09,51,1
2020-11-09,52,2
2020-11-09,53,1
2020-11-09,54,1
2020-11-09,55,1
2020-11-09,56,2
2020-11-09,57,6
2020-11-09,58,1
2020-11-09,59,3
2020-11-09,60,3
2020-11-09,61,1
2020-11-09,62,1
2020-11-09,63,5
2020-11-09,64,4
2020-11-09,65,4
2020-11-09,66,2
2020-11-09,67,2
2020-11-09,68,1
2020-11-09,70,3
2020-11-09,71,2
2020-11-09,72,3
2020-11-09,73,3
2020-11-09,74,1
2020-11-09,75,3
2020-11-09,77,3
2020-11-09,78,3
2020-11-09,79,3
2020-11-09,80,3
2020-11-09,81,2
2020-11-09,83,1
2020-11-10,0,2748
2020-11-10,1,203
2020-11-10,2,79
2020-11-10,3,50
2020-11-10,4,26
2020-11-10,5,20
2020-11-10,6,41
2020-11-10,7,49
2020-11-10,8,25
2020-11-10,9,33
2020-11-10,10,21
2020-11-10,11,15
2020-11-10,12,4
2020-11-10,13,19
2020-11-10,14,19
2020-11-10,15,27
2020-11-10,16,17
2020-11-10,17,11
2020-11-10,18,7
2020-11-10,19,7
2020-11-10,20,17
2020-11-10,21,24
2020-11-10,22,23
2020-11-10,23,21
2020-11-10,24,11
2020-11-10,25,5
2020-11-10,26,5
2020-11-10,27,18
2020-11-10,28,16
2020-11-10,29,17
2020-11-10,30,18
2020-11-10,31,11
2020-11-10,32,3
2020-11-10,33,6
2020-11-10,34,7
2020-11-10,35,15
2020-11-10,36,9
2020-11-10,37,8
2020-11-10,38,7
2020-11-10,39,3
2020-11-10,41,3
2020-11-10,42,3
2020-11-10,43,7
2020-11-10,44,1
2020-11-10,45,1
2020-11-10,46,1
2020-11-10,47,5
2020-11-10,48,3
2020-11-10,49,3
2020-11-10,50,1
2020-11-10,51,2
2020-11-10,55,1
2020-11-10,56,1
2020-11-10,57,3
2020-11-10,58,4
2020-11-10,59,2
2020-11-10,60,1
2020-11-10,61,2
2020-11-10,62,1
2020-11-10,63,3
2020-11-10,64,3
2020-11-10,65,2
2020-11-10,66,2
2020-11-10,67,1
2020-11-10,68,3
2020-11-10,69,1
2020-11-10,70,3
2020-11-10,71,1
2020-11-10,72,1
2020-11-10,73,3
2020-11-10,74,1
2020-11-10,76,1
2020-11-10,77,5
2020-11-10,78,3
2020-11-10,79,2
2020-11-10,80,2
2020-11-10,81,2
2020-11-11,0,2750
2020-11-11,1,212
2020-11-11,2,58
2020-11-11,3,23
2020-11-11,4,22
2020-11-11,5,39
2020-11-11,6,34
2020-11-11,7,45
2020-11-11,8,41
2020-11-11,9,27
2020-11-11,10,5
2020-11-11,11,11
2020-11-11,12,26
2020-11-11,13,24
2020-11-11,14,22
2020-11-11,15,21
2020-11-11,16,17
2020-11-11,17,5
2020-11-11,18,4
2020-11-11,19,13
2020-11-11,20,20
2020-11-11,21,18
2020-11-11,22,15
2020-11-11,23,15
2020-11-11,24,6
2020-11-11,25,11
2020-11-11,26,15
2020-11-11,27,19
2020-11-11,28,16
2020-11-11,29,18
2020-11-11,30,12
2020-11-11,31,8
2020-11-11,32,5
2020-11-11,33,19
2020-11-11,34,15
2020-11-11,35,11
2020-11-11,36,11
2020-11-11,37,7
2020-11-11,38,4
2020-11-11,39,4
2020-11-11,40,6
2020-11-11,41,8
2020-11-11,42,5
2020-11-11,43,1
2020-11-11,44,2
2020-11-11,45,2
2020-11-11,47,2
2020-11-11,48,1
2020-11-11,49,2
2020-11-11,51,1
2020-11-11,52,1
2020-11-11,54,2
2020-11-11,55,5
2020-11-11,56,6
2020-11-11,57,3
2020-11-11,58,7
2020-11-11,59,3
2020-11-11,60,4
2020-11-11,61,3
2020-11-11,62,8
2020-11-11,63,2
2020-11-11,64,1
2020-11-11,65,3
2020-11-11,66,3
2020-11-11,68,2
2020-11-11,69,3
2020-11-11,70,2
2020-11-11,71,4
2020-11-11,72,5
2020-11-11,73,3
2020-11-11,74,2
2020-11-11,75,5
2020-11-11,76,2
2020-11-11,77,3
2020-11-11,78,3
2020-11-11,79,3
2020-11-11,80,1
2020-11-12,0,2585
2020-11-12,1,154
2020-11-12,2,48
2020-11-12,3,25
2020-11-12,4,49
2020-11-12,5,56
2020-11-12,6,36
2020-11-12,7,42
2020-11-12,8,19
2020-11-12,9,11
2020-11-12,10,7
2020-11-12,11,23
2020-11-12,12,30
2020-11-12,13,17
2020-11-12,14,33
2020-11-12,15,13
2020-11-12,16,4
2020-11-12,17,8
2020-11-12,18,16
2020-11-12,19,17
2020-11-12,20,17
2020-11-12,21,25
2020-11-12,22,17
2020-11-12,23,8
2020-11-12,24,8
2020-11-12,25,12
2020-11-12,26,23
2020-11-12,27,15
2020-11-12,28,25
2020-11-12,29,17
2020-11-12,30,7
2020-11-12,31,7
2020-11-12,32,8
2020-11-12,33,12
2020-11-12,34,9
2020-11-12,35,9
2020-11-12,36,7
2020-11-12,37,5
2020-11-12,38,4
2020-11-12,39,10
2020-11-12,40,10
2020-11-12,41,2
2020-11-12,42,5
2020-11-12,43,1
2020-11-12,44,1
2020-11-12,46,2
2020-11-12,47,3
2020-11-12,48,4
2020-11-12,49,2
2020-11-12,51,1
2020-11-12,52,2
2020-11-12,53,2
2020-11-12,54,5
2020-11-12,55,5
2020-11-12,56,2
2020-11-12,57,3
2020-11-12,58,1
2020-11-12,60,4
2020-11-12,61,3
2020-11-12,62,4
2020-11-12,63,2
2020-11-12,64,4
2020-11-12,65,2
2020-11-12,66,2
2020-11-12,67,3
2020-11-12,68,9
2020-11-12,69,5
2020-11-12,70,8
2020-11-12,71,2
2020-11-12,72,1
2020-11-12,74,4
2020-11-12,75,5
2020-11-12,76,3
2020-11-12,77,3
2020-11-12,78,4
2020-11-12,80,1
2020-11-13,0,2364
2020-11-13,1,101
2020-11-13,2,39
2020-11-13,3,58
2020-11-13,4,52
2020-11-13,5,36
2020-11-13,6,31
2020-11-13,7,42
2020-11-13,8,14
2020-11-13,9,6
2020-11-13,10,14
2020-11-13,11,18
2020-11-13,12,14
2020-11-13,13,19
2020-11-13,14,11
2020-11-13,15,7
2020-11-13,16,6
2020-11-13,17,10
2020-11-13,18,12
2020-11-13,19,9
2020-11-13,20,7
2020-11-13,21,16
2020-11-13,22,6
2020-11-13,23,2
2020-11-13,24,14
2020-11-13,25,15
2020-11-13,26,25
2020-11-13,27,20
2020-11-13,28,20
2020-11-13,29,5
2020-11-13,30,3
2020-11-13,31,12
2020-11-13,32,9
2020-11-13,33,12
2020-11-13,34,5
2020-11-13,35,4
2020-11-13,36,3
2020-11-13,37,1
2020-11-13,38,6
2020-11-13,39,9
2020-11-13,40,5
2020-11-13,41,5
2020-11-13,42,1
2020-11-13,44,2
2020-11-13,45,2
2020-11-13,46,4
2020-11-13,47,3
2020-11-13,48,3
2020-11-13,49,1
2020-11-13,50,3
2020-11-13,52,4
2020-11-13,53,4
2020-11-13,54,3
2020-11-13,55,4
2020-11-13,56,4
2020-11-13,58,1
2020-11-13,60,4
2020-11-13,61,1
2020-11-13,63,4
2020-11-13,64,2
2020-11-13,66,2
2020-11-13,67,9
2020-11-13,68,9
2020-11-13,69,3
2020-11-13,70,2
2020-11-13,72,2
2020-11-13,73,3
2020-11-13,74,4
2020-11-13,75,1
2020-11-13,76,2
2020-11-13,77,1
2020-11-13,78,2
2020-11-13,79,1
2020-11-14,0,1759
2020-11-14,1,85
2020-11-14,2,43
2020-11-14,3,28
2020-11-14,4,23
2020-11-14,5,23
2020-11-14,6,20
2020-11-14,7,15
2020-11-14,8,12
2020-11-14,9,11
2020-11-14,10,9
2020-11-14,11,8
2020-11-14,12,9
2020-11-14,13,5
2020-11-14,14,7
2020-11-14,15,2
2020-11-14,16,12
2020-11-14,17,7
2020-11-14,18,3
2020-11-14,19,7
2020-11-14,20,5
2020-11-14,21,6
2020-11-14,22,2
2020-11-14,23,5
2020-11-14,24,7
2020-11-14,25,7
2020-11-14,26,6
2020-11-14,27,5
2020-11-14,28,2
2020-11-14,29,4
2020-11-14,30,4
2020-11-14,31,4
2020-11-14,32,2
2020-11-14,33,3
2020-11-14,34,5
2020-11-14,35,2
2020-11-14,36,1
2020-11-14,37,3
2020-11-14,38,1
2020-11-14,39,1
2020-11-14,40,1
2020-11-14,42,1
2020-11-14,43,1
2020-11-14,44,2
2020-11-14,45,3
2020-11-14,46,4
2020-11-14,47,2
2020-11-14,49,1
2020-11-14,54,4
2020-11-14,58,3
2020-11-14,59,1
2020-11-14,60,1
2020-11-14,62,1
2020-11-14,63,2
2020-11-14,65,1
2020-11-14,66,2
2020-11-14,67,1
2020-11-14,68,2
2020-11-14,69,1
2020-11-14,70,1
2020-11-14,73,1
2020-11-14,74,2
2020-11-14,75,1
2020-11-14,76,1
2020-11-14,77,1
2020-11-15,0,1661
2020-11-15,1,96
2020-11-15,2,36
2020-11-15,3,33
2020-11-15,4,15
2020-11-15,5,12
2020-11-15,6,12
2020-11-15,7,11
2020-11-15,8,10
2020-11-15,9,6
2020-11-15,10,4
2020-11-15,11,6
2020-11-15,12,6
2020-11-15,13,9
2020-11-15,14,8
2020-11-15,15,7
2020-11-15,16,4
2020-11-15,17,2
2020-11-15,18,4
2020-11-15,19,2
2020-11-15,20,3
2020-11-15,21,5
2020-11-15,22,6
2020-11-15,23,3
2020-11-15,24,8
2020-11-15,25,4
2020-11-15,26,3
2020-11-15,27,5
2020-11-15,28,2
2020-11-15,29,1
2020-11-15,31,5
2020-11-15,32,2
2020-11-15,33,3
2020-11-15,34,4
2020-11-15,35,3
2020-11-15,36,2
2020-11-15,37,4
2020-11-15,38,2
2020-11-15,39,1
2020-11-15,41,1
2020-11-15,43,1
2020-11-15,44,1
2020-11-15,48,2
2020-11-15,50,2
2020-11-15,53,1
2020-11-15,54,1
2020-11-15,55,2
2020-11-15,56,2
2020-11-15,57,1
2020-11-15,58,2
2020-11-15,59,1
2020-11-15,70,1
2020-11-15,71,1
2020-11-15,72,2
2020-11-15,73,1
2020-11-15,74,1
2020-11-15,76,1
2020-11-15,77,1
2020-11-16,0,2533
2020-11-16,1,189
2020-11-16,2,65
2020-11-16,3,40
2020-11-16,4,28
2020-11-16,5,20
2020-11-16,6,17
2020-11-16,7,24
2020-11-16,8,24
2020-11-16,9,27
2020-11-16,10,22
2020-11-16,11,18
2020-11-16,12,9
2020-11-16,13,15
2020-11-16,14,17
2020-11-16,15,18
2020-11-16,16,13
2020-11-16,17,18
2020-11-16,18,9
2020-11-16,19,8
2020-11-16,20,8
2020-11-16,21,15
2020-11-16,22,13
2020-11-16,23,15
2020-11-16,24,13
2020-11-16,25,11
2020-11-16,26,4
2020-11-16,27,1
2020-11-16,28,12
2020-11-16,29,9
2020-11-16,30,7
2020-11-16,31,10
2020-11-16,32,4
2020-11-16,33,2
2020-11-16,34,3
2020-11-16,35,4
2020-11-16,36,4
2020-11-16,37,3
2020-11-16,38,2
2020-11-16,39,2
2020-11-16,40,2
2020-11-16,41,3
2020-11-16,42,2
2020-11-16,43,1
2020-11-16,44,2
2020-11-16,45,1
2020-11-16,47,2
2020-11-16,48,1
2020-11-16,50,4
2020-11-16,51,2
2020-11-16,52,4
2020-11-16,53,4
2020-11-16,54,1
2020-11-16,56,1
2020-11-16,57,3
2020-11-16,58,1
2020-11-16,59,1
2020-11-16,60,1
2020-11-16,63,1
2020-11-16,64,3
2020-11-16,65,4
2020-11-16,66,2
2020-11-16,67,1
2020-11-16,69,1
2020-11-16,70,5
2020-11-16,71,5
2020-11-16,72,5
2020-11-16,73,1
2020-11-16,74,2
2020-11-17,0,2810
2020-11-17,1,195
2020-11-17,2,98
2020-11-17,3,59
2020-11-17,4,37
2020-11-17,5,26
2020-11-17,6,30
2020-11-17,7,47
2020-11-17,8,40
2020-11-17,9,23
2020-11-17,10,9
2020-11-17,11,16
2020-11-17,12,13
2020-11-17,13,21
2020-11-17,14,29
2020-11-17,15,25
2020-11-17,16,31
2020-11-17,17,18
2020-11-17,18,10
2020-11-17,19,7
2020-11-17,20,21
2020-11-17,21,23
2020-11-17,22,21
2020-11-17,23,18
2020-11-17,24,14
2020-11-17,25,12
2020-11-17,26,2
2020-11-17,27,20
2020-11-17,28,21
2020-11-17,29,14
2020-11-17,30,18
2020-11-17,31,5
2020-11-17,32,7
2020-11-17,33,6
2020-11-17,34,8
2020-11-17,35,12
2020-11-17,36,12
2020-11-17,37,3
2020-11-17,38,1
2020-11-17,39,1
2020-11-17,40,2
2020-11-17,41,4
2020-11-17,42,4
2020-11-17,43,1
2020-11-17,44,6
2020-11-17,45,1
2020-11-17,48,2
2020-11-17,49,4
2020-11-17,50,5
2020-11-17,51,3
2020-11-17,52,1
2020-11-17,55,2
2020-11-17,56,4
2020-11-17,57,1
2020-11-17,58,6
2020-11-17,59,7
2020-11-17,60,2
2020-11-17,62,2
2020-11-17,64,4
2020-11-17,65,4
2020-11-17,66,2
2020-11-17,68,1
2020-11-17,69,1
2020-11-17,70,1
2020-11-17,71,1
2020-11-17,74,2
2020-11-17,75,1
2020-11-18,0,2849
2020-11-18,1,203
2020-11-18,2,61
2020-11-18,3,34
2020-11-18,4,18
2020-11-18,5,43
2020-11-18,6,34
2020-11-18,7,26
2020-11-18,8,18
2020-11-18,9,17
2020-11-18,10,9
2020-11-18,11,10
2020-11-18,12,17
2020-11-18,13,25
2020-11-18,14,21
2020-11-18,15,11
2020-11-18,16,18
2020-11-18,17,10
2020-11-18,18,6
2020-11-18,19,9
2020-11-18,20,13
2020-11-18,21,19
2020-11-18,22,13
2020-11-18,23,19
2020-11-18,24,6
2020-11-18,25,7
2020-11-18,26,7
2020-11-18,27,16
2020-11-18,28,17
2020-11-18,29,9
2020-11-18,30,11
2020-11-18,31,2
2020-11-18,33,8
2020-11-18,34,7
2020-11-18,35,5
2020-11-18,36,2
2020-11-18,38,1
2020-11-18,39,1
2020-11-18,40,3
2020-11-18,41,1
2020-11-18,42,2
2020-11-18,43,2
2020-11-18,45,2
2020-11-18,46,3
2020-11-18,47,5
2020-11-18,48,4
2020-11-18,49,9
2020-11-18,50,2
2020-11-18,51,3
2020-11-18,52,4
2020-11-18,53,1
2020-11-18,54,1
2020-11-18,55,4
2020-11-18,56,5
2020-11-18,57,5
2020-11-18,58,1
2020-11-18,59,1
2020-11-18,60,1
2020-11-18,61,1
2020-11-18,62,4
2020-11-18,63,3
2020-11-18,64,2
2020-11-18,65,5
2020-11-18,66,2
2020-11-18,67,1
2020-11-18,68,3
2020-11-18,69,2
2020-11-18,70,4
2020-11-18,71,5
2020-11-18,72,1
2020-11-18,73,2
2020-11-19,0,2878
2020-11-19,1,197
2020-11-19,2,49
2020-11-19,3,26
2020-11-19,4,45
2020-11-19,5,41
2020-11-19,6,28
2020-11-19,7,21
2020-11-19,8,20
2020-11-19,9,11
2020-11-19,10,5
2020-11-19,11,23
2020-11-19,12,28
2020-11-19,13,26
2020-11-19,14,21
2020-11-19,15,24
2020-11-19,16,7
2020-11-19,17,9
2020-11-19,18,14
2020-11-19,19,23
2020-11-19,20,17
2020-11-19,21,20
2020-11-19,22,12
2020-11-19,23,5
2020-11-19,24,9
2020-11-19,25,13
2020-11-19,26,13
2020-11-19,27,17
2020-11-19,28,17
2020-11-19,29,7
2020-11-19,30,2
2020-11-19,31,3
2020-11-19,32,5
2020-11-19,33,2
2020-11-19,34,1
2020-11-19,35,3
2020-11-19,36,1
2020-11-19,37,3
2020-11-19,38,1
2020-11-19,39,1
2020-11-19,40,2
2020-11-19,41,1
2020-11-19,43,1
2020-11-19,45,1
2020-11-19,46,1
2020-11-19,47,4
2020-11-19,49,1
2020-11-19,50,2
2020-11-19,53,3
2020-11-19,54,3
2020-11-19,55,2
2020-11-19,56,1
2020-11-19,57,3
2020-11-19,60,1
2020-11-19,61,3
2020-11-19,62,6
2020-11-19,63,1
2020-11-19,64,3
2020-11-19,65,1
2020-11-19,67,1
2020-11-19,68,4
2020-11-19,69,2
2020-11-19,70,4
2020-11-19,71,4
2020-11-19,72,2
2020-11-20,0,2816
2020-11-20,1,156
2020-11-20,2,47
2020-11-20,3,69
2020-11-20,4,36
2020-11-20,5,47
2020-11-20,6,27
2020-11-20,7,29
2020-11-20,8,17
2020-11-20,9,18
2020-11-20,10,24
2020-11-20,11,24
2020-11-20,12,25
2020-11-20,13,21
2020-11-20,14,27
2020-11-20,15,7
2020-11-20,16,6
2020-11-20,17,10
2020-11-20,18,13
2020-11-20,19,15
2020-11-20,20,18
2020-11-20,21,15
2020-11-20,22,10
2020-11-20,23,4
2020-11-20,24,12
2020-11-20,25,13
2020-11-20,26,13
2020-11-20,27,19
2020-11-20,28,12
2020-11-20,29,4
2020-11-20,30,7
2020-11-20,31,7
2020-11-20,32,3
2020-11-20,33,6
2020-11-20,34,4
2020-11-20,35,4
2020-11-20,36,1
2020-11-20,37,1
2020-11-20,38,2
2020-11-20,39,3
2020-11-20,40,5
2020-11-20,41,2
2020-11-20,43,1
2020-11-20,44,3
2020-11-20,45,3
2020-11-20,46,3
2020-11-20,47,5
2020-11-20,48,1
2020-11-20,49,3
2020-11-20,50,1
2020-11-20,51,1
2020-11-20,52,4
2020-11-20,53,6
2020-11-20,54,6
2020-11-20,55,2
2020-11-20,56,3
2020-11-20,58,1
2020-11-20,59,1
2020-11-20,60,2
2020-11-20,61,3
2020-11-20,62,9
2020-11-20,63,4
2020-11-20,64,1
2020-11-20,67,1
2020-11-20,68,4
2020-11-20,69,3
2020-11-20,70,1
2020-11-20,72,2
2020-11-21,0,2298
2020-11-21,1,124
2020-11-21,2,50
2020-11-21,3,35
2020-11-21,4,25
2020-11-21,5,24
2020-11-21,6,20
2020-11-21,7,20
2020-11-21,8,14
2020-11-21,9,23
2020-11-21,10,7
2020-11-21,11,18
2020-11-21,12,10
2020-11-21,13,17
2020-11-21,14,10
2020-11-21,15,6
2020-11-21,16,9
2020-11-21,17,10
2020-11-21,18,12
2020-11-21,19,5
2020-11-21,20,12
2020-11-21,21,7
2020-11-21,22,8
2020-11-21,23,4
2020-11-21,24,5
2020-11-21,25,9
2020-11-21,26,7
2020-11-21,27,5
2020-11-21,28,4
2020-11-21,29,5
2020-11-21,30,2
2020-11-21,31,2
2020-11-21,32,2
2020-11-21,33,2
2020-11-21,34,1
2020-11-21,35,1
2020-11-21,36,2
2020-11-21,37,3
2020-11-21,38,1
2020-11-21,40,5
2020-11-21,41,2
2020-11-21,42,3
2020-11-21,43,3
2020-11-21,45,4
2020-11-21,47,4
2020-11-21,48,2
2020-11-21,49,2
2020-11-21,51,3
2020-11-21,52,2
2020-11-21,53,2
2020-11-21,54,1
2020-11-21,56,3
2020-11-21,57,2
2020-11-21,59,1
2020-11-21,60,3
2020-11-21,61,1
2020-11-21,62,1
2020-11-21,63,1
2020-11-21,64,1
2020-11-21,65,1
2020-11-21,68,4
2020-11-21,69,1
2020-11-21,70,2
2020-11-22,0,1983
2020-11-22,1,102
2020-11-22,2,47
2020-11-22,3,35
2020-11-22,4,21
2020-11-22,5,24
2020-11-22,6,20
2020-11-22,7,18
2020-11-22,8,12
2020-11-22,9,12
2020-11-22,10,6
2020-11-22,11,8
2020-11-22,12,5
2020-11-22,13,4
2020-11-22,14,5
2020-11-22,15,9
2020-11-22,16,8
2020-11-22,17,11
2020-11-22,18,7
2020-11-22,19,3
2020-11-22,20,2
2020-11-22,21,6
2020-11-22,22,6
2020-11-22,24,3
2020-11-22,25,2
2020-11-22,26,3
2020-11-22,27,6
2020-11-22,28,4
2020-11-22,29,2
2020-11-22,30,1
2020-11-22,31,2
2020-11-22,32,1
2020-11-22,33,2
2020-11-22,34,1
2020-11-22,35,2
2020-11-22,36,1
2020-11-22,37,2
2020-11-22,38,1
2020-11-22,39,1
2020-11-22,40,1
2020-11-22,41,1
2020-11-22,42,3
2020-11-22,43,2
2020-11-22,44,3
2020-11-22,45,1
2020-11-22,46,1
2020-11-22,49,1
2020-11-22,51,1
2020-11-22,53,1
2020-11-22,56,1
2020-11-22,57,1
2020-11-22,58,1
2020-11-22,59,1
2020-11-22,65,1
2020-11-22,68,1
2020-11-23,0,2815
2020-11-23,1,205
2020-11-23,2,71
2020-11-23,3,39
2020-11-23,4,28
2020-11-23,5,27
2020-11-23,6,13
2020-11-23,7,32
2020-11-23,8,23
2020-11-23,9,24
2020-11-23,10,29
2020-11-23,11,18
2020-11-23,12,3
2020-11-23,13,6
2020-11-23,14,21
2020-11-23,15,26
2020-11-23,16,13
2020-11-23,17,12
2020-11-23,18,13
2020-11-23,19,6
2020-11-23,20,12
2020-11-23,21,13
2020-11-23,22,14
2020-11-23,23,8
2020-11-23,24,12
2020-11-23,25,10
2020-11-23,26,2
2020-11-23,27,3
2020-11-23,28,8
2020-11-23,29,11
2020-11-23,30,3
2020-11-23,31,6
2020-11-23,32,1
2020-11-23,33,1
2020-11-23,34,2
2020-11-23,35,2
2020-11-23,36,7
2020-11-23,37,3
2020-11-23,38,1
2020-11-23,39,2
2020-11-23,40,1
2020-11-23,41,2
2020-11-23,42,1
2020-11-23,43,4
2020-11-23,44,5
2020-11-23,45,3
2020-11-23,46,2
2020-11-23,48,3
2020-11-23,49,3
2020-11-23,50,9
2020-11-23,51,8
2020-11-23,52,1
2020-11-23,53,5
2020-11-23,54,3
2020-11-23,55,2
2020-11-23,56,1
2020-11-23,57,5
2020-11-23,58,4
2020-11-23,59,2
2020-11-23,60,1
2020-11-23,61,2
2020-11-23,63,6
2020-11-23,64,1
2020-11-23,65,3
2020-11-23,66,4
2020-11-23,67,2
2020-11-24,0,3078
2020-11-24,1,207
2020-11-24,2,68
2020-11-24,3,39
2020-11-24,4,30
2020-11-24,5,32
2020-11-24,6,47
2020-11-24,7,53
2020-11-24,8,28
2020-11-24,9,28
2020-11-24,10,19
2020-11-24,11,9
2020-11-24,12,9
2020-11-24,13,29
2020-11-24,14,22
2020-11-24,15,25
2020-11-24,16,33
2020-11-24,17,16
2020-11-24,18,12
2020-11-24,19,6
2020-11-24,20,25
2020-11-24,21,19
2020-11-24,22,13
2020-11-24,23,13
2020-11-24,24,17
2020-11-24,25,4
2020-11-24,26,5
2020-11-24,27,12
2020-11-24,28,9
2020-11-24,29,15
2020-11-24,30,1
2020-11-24,31,1
2020-11-24,32,3
2020-11-24,33,2
2020-11-24,34,6
2020-11-24,35,5
2020-11-24,36,1
2020-11-24,37,4
2020-11-24,38,2
2020-11-24,40,1
2020-11-24,41,4
2020-11-24,42,6
2020-11-24,43,6
2020-11-24,44,5
2020-11-24,45,7
2020-11-24,46,1
2020-11-24,47,2
2020-11-24,48,7
2020-11-24,49,6
2020-11-24,50,7
2020-11-24,51,3
2020-11-24,52,2
2020-11-24,55,1
2020-11-24,56,3
2020-11-24,57,7
2020-11-24,58,4
2020-11-24,59,4
2020-11-24,60,4
2020-11-24,61,1
2020-11-24,62,5
2020-11-24,63,5
2020-11-24,64,15
2020-11-24,65,3
2020-11-24,66,4
2020-11-25,0,3256
2020-11-25,1,160
2020-11-25,2,67
2020-11-25,3,31
2020-11-25,4,26
2020-11-25,5,55
2020-11-25,6,54
2020-11-25,7,40
2020-11-25,8,27
2020-11-25,9,23
2020-11-25,10,13
2020-11-25,11,11
2020-11-25,12,18
2020-11-25,13,16
2020-11-25,14,15
2020-11-25,15,22
2020-11-25,16,24
2020-11-25,17,3
2020-11-25,18,7
2020-11-25,19,10
2020-11-25,20,12
2020-11-25,21,9
2020-11-25,22,7
2020-11-25,23,11
2020-11-25,24,5
2020-11-25,25,3
2020-11-25,26,3
2020-11-25,27,6
2020-11-25,28,5
2020-11-25,29,3
2020-11-25,32,2
2020-11-25,34,4
2020-11-25,35,2
2020-11-25,36,1
2020-11-25,37,2
2020-11-25,38,1
2020-11-25,39,1
2020-11-25,40,1
2020-11-25,41,6
2020-11-25,42,3
2020-11-25,43,3
2020-11-25,44,3
2020-11-25,45,2
2020-11-25,46,1
2020-11-25,47,2
2020-11-25,48,4
2020-11-25,49,2
2020-11-25,50,2
2020-11-25,51,5
2020-11-25,52,1
2020-11-25,53,2
2020-11-25,54,5
2020-11-25,55,3
2020-11-25,57,2
2020-11-25,58,2
2020-11-25,59,4
2020-11-25,62,3
2020-11-25,63,12
2020-11-25,64,9
2020-11-25,65,1
2020-11-26,0,3024
2020-11-26,1,150
2020-11-26,2,43
2020-11-26,3,46
2020-11-26,4,51
2020-11-26,5,36
2020-11-26,6,31
2020-11-26,7,27
2020-11-26,8,15
2020-11-26,9,9
2020-11-26,10,12
2020-11-26,11,13
2020-11-26,12,16
2020-11-26,13,26
2020-11-26,14,13
2020-11-26,15,10
2020-11-26,16,11
2020-11-26,17,5
2020-11-26,18,6
2020-11-26,19,8
2020-11-26,20,7
2020-11-26,21,9
2020-11-26,22,7
2020-11-26,23,6
2020-11-26,24,1
2020-11-26,25,5
2020-11-26,26,3
2020-11-26,27,1
2020-11-26,28,6
2020-11-26,29,3
2020-11-26,31,2
2020-11-26,32,4
2020-11-26,33,2
2020-11-26,34,2
2020-11-26,35,4
2020-11-26,36,1
2020-11-26,37,2
2020-11-26,38,3
2020-11-26,39,2
2020-11-26,40,4
2020-11-26,41,3
2020-11-26,42,4
2020-11-26,43,3
2020-11-26,45,1
2020-11-26,46,2
2020-11-26,47,1
2020-11-26,48,3
2020-11-26,49,2
2020-11-26,50,1
2020-11-26,51,1
2020-11-26,52,1
2020-11-26,53,2
2020-11-26,54,2
2020-11-26,55,2
2020-11-26,56,1
2020-11-26,57,1
2020-11-26,58,1
2020-11-26,60,2
2020-11-26,62,4
2020-11-26,63,5
2020-11-26,66,1
2020-11-27,0,2933
2020-11-27,1,126
2020-11-27,2,38
2020-11-27,3,66
2020-11-27,4,31
2020-11-27,5,27
2020-11-27,6,13
2020-11-27,7,14
2020-11-27,8,13
2020-11-27,9,7
2020-11-27,10,17
2020-11-27,11,15
2020-11-27,12,15
2020-11-27,13,15
2020-11-27,14,11
2020-11-27,15,8
2020-11-27,16,4
2020-11-27,17,8
2020-11-27,18,13
2020-11-27,19,10
2020-11-27,20,5
2020-11-27,21,9
2020-11-27,22,7
2020-11-27,23,2
2020-11-27,24,3
2020-11-27,25,5
2020-11-27,26,6
2020-11-27,27,3
2020-11-27,28,2
2020-11-27,29,5
2020-11-27,30,1
2020-11-27,31,3
2020-11-27,32,3
2020-11-27,33,4
2020-11-27,35,1
2020-11-27,36,1
2020-11-27,37,2
2020-11-27,38,4
2020-11-27,39,2
2020-11-27,40,5
2020-11-27,41,1
2020-11-27,42,1
2020-11-27,46,2
2020-11-27,47,1
2020-11-27,48,4
2020-11-27,49,5
2020-11-27,50,2
2020-11-27,53,2
2020-11-27,54,2
2020-11-27,56,1
2020-11-27,58,1
2020-11-27,59,1
2020-11-27,60,3
2020-11-27,61,1
2020-11-27,62,2
2020-11-27,63,1
2020-11-27,65,1
2020-11-28,0,2548
2020-11-28,1,114
2020-11-28,2,58
2020-11-28,3,34
2020-11-28,4,25
2020-11-28,5,19
2020-11-28,6,14
2020-11-28,7,19
2020-11-28,8,6
2020-11-28,9,5
2020-11-28,10,13
2020-11-28,11,10
2020-11-28,12,11
2020-11-28,13,15
2020-11-28,14,5
2020-11-28,15,7
2020-11-28,16,7
2020-11-28,17,9
2020-11-28,18,10
2020-11-28,19,7
2020-11-28,20,8
2020-11-28,21,4
2020-11-28,22,3
2020-11-28,23,4
2020-11-28,24,2
2020-11-28,25,4
2020-11-28,26,3
2020-11-28,27,3
2020-11-28,28,2
2020-11-28,29,5
2020-11-28,30,3
2020-11-28,31,3
2020-11-28,32,1
2020-11-28,33,3
2020-11-28,34,1
2020-11-28,35,1
2020-11-28,36,2
2020-11-28,37,4
2020-11-28,38,6
2020-11-28,39,2
2020-11-28,40,1
2020-11-28,41,5
2020-11-28,42,1
2020-11-28,44,4
2020-11-28,45,3
2020-11-28,46,1
2020-11-28,47,3
2020-11-28,48,1
2020-11-28,50,1
2020-11-28,51,2
2020-11-28,53,3
2020-11-28,54,3
2020-11-28,55,1
2020-11-28,56,3
2020-11-28,57,3
2020-11-28,58,1
2020-11-28,59,2
2020-11-28,60,2
2020-11-28,61,5
2020-11-28,62,1
2020-11-28,63,1
2020-11-28,64,2
2020-11-29,0,2418
2020-11-29,1,122
2020-11-29,2,38
2020-11-29,3,24
2020-11-29,4,17
2020-11-29,5,18
2020-11-29,6,14
2020-11-29,7,11
2020-11-29,8,13
2020-11-29,9,11
2020-11-29,10,6
2020-11-29,11,6
2020-11-29,12,9
2020-11-29,13,11
2020-11-29,14,9
2020-11-29,15,1
2020-11-29,16,6
2020-11-29,17,4
2020-11-29,18,8
2020-11-29,19,4
2020-11-29,20,3
2020-11-29,22,5
2020-11-29,23,4
2020-11-29,24,3
2020-11-29,25,2
2020-11-29,27,3
2020-11-29,28,1
2020-11-29,29,5
2020-11-29,30,5
2020-11-29,31,4
2020-11-29,32,1
2020-11-29,33,2
2020-11-29,35,1
2020-11-29,36,1
2020-11-29,37,1
2020-11-29,38,1
2020-11-29,39,2
2020-11-29,40,2
2020-11-29,42,2
2020-11-29,44,3
2020-11-29,45,3
2020-11-29,46,2
2020-11-29,47,2
2020-11-29,48,2
2020-11-29,50,1
2020-11-29,51,1
2020-11-29,52,2
2020-11-29,55,1
2020-11-29,56,3
2020-11-29,57,1
2020-11-29,59,2
2020-11-29,60,2
2020-11-29,62,1
2020-11-29,63,1
2020-11-30,0,3211
2020-11-30,1,202
2020-11-30,2,79
2020-11-30,3,46
2020-11-30,4,34
2020-11-30,5,24
2020-11-30,6,21
2020-11-30,7,35
2020-11-30,8,26
2020-11-30,9,21
2020-11-30,10,22
2020-11-30,11,19
2020-11-30,12,10
2020-11-30,13,8
2020-11-30,14,25
2020-11-30,15,24
2020-11-30,16,19
2020-11-30,17,9
2020-11-30,18,5
2020-11-30,19,5
2020-11-30,20,1
2020-11-30,21,6
2020-11-30,22,8
2020-11-30,23,5
2020-11-30,24,1
2020-11-30,26,2
2020-11-30,27,3
2020-11-30,28,8
2020-11-30,29,3
2020-11-30,30,4
2020-11-30,31,1
2020-11-30,32,1
2020-11-30,33,1
2020-11-30,34,3
2020-11-30,35,1
2020-11-30,36,3
2020-11-30,37,6
2020-11-30,38,2
2020-11-30,39,5
2020-11-30,40,2
2020-11-30,41,3
2020-11-30,42,3
2020-11-30,43,3
2020-11-30,44,8
2020-11-30,45,3
2020-11-30,46,4
2020-11-30,49,2
2020-11-30,50,1
2020-11-30,51,4
2020-11-30,52,5
2020-11-30,54,1
2020-11-30,55,1
2020-11-30,56,2
2020-11-30,57,3
2020-11-30,58,8
2020-11-30,59,8
2020-11-30,60,3
2020-12-01,0,3480
2020-12-01,1,207
2020-12-01,2,81
2020-12-01,3,51
2020-12-01,4,23
2020-12-01,5,22
2020-12-01,6,40
2020-12-01,7,36
2020-12-01,8,39
2020-12-01,9,30
2020-12-01,10,19
2020-12-01,11,8
2020-12-01,12,9
2020-12-01,13,20
2020-12-01,14,27
2020-12-01,15,18
2020-12-01,16,17
2020-12-01,17,15
2020-12-01,18,4
2020-12-01,19,3
2020-12-01,20,8
2020-12-01,21,9
2020-12-01,22,9
2020-12-01,23,7
2020-12-01,24,3
2020-12-01,25,4
2020-12-01,26,3
2020-12-01,27,2
2020-12-01,28,5
2020-12-01,29,7
2020-12-01,30,1
2020-12-01,31,2
2020-12-01,32,2
2020-12-01,33,1
2020-12-01,34,3
2020-12-01,35,1
2020-12-01,36,5
2020-12-01,37,4
2020-12-01,38,1
2020-12-01,39,3
2020-12-01,40,1
2020-12-01,41,3
2020-12-01,42,9
2020-12-01,43,2
2020-12-01,44,3
2020-12-01,45,2
2020-12-01,46,1
2020-12-01,48,1
2020-12-01,49,4
2020-12-01,50,1
2020-12-01,51,3
2020-12-01,52,3
2020-12-01,55,4
2020-12-01,56,6
2020-12-01,57,4
2020-12-01,58,5
2020-12-01,59,4
2020-12-01,60,1
2020-12-01,61,1
2020-12-02,0,3307
2020-12-02,1,237
2020-12-02,2,82
2020-12-02,3,36
2020-12-02,4,28
2020-12-02,5,50
2020-12-02,6,48
2020-12-02,7,37
2020-12-02,8,27
2020-12-02,9,29
2020-12-02,10,16
2020-12-02,11,11
2020-12-02,12,26
2020-12-02,13,10
2020-12-02,14,20
2020-12-02,15,16
2020-12-02,16,10
2020-12-02,17,3
2020-12-02,18,3
2020-12-02,19,10
2020-12-02,20,13
2020-12-02,21,5
2020-12-02,22,3
2020-12-02,23,3
2020-12-02,24,1
2020-12-02,25,5
2020-12-02,26,4
2020-12-02,27,3
2020-12-02,28,3
2020-12-02,29,6
2020-12-02,30,3
2020-12-02,31,4
2020-12-02,32,6
2020-12-02,33,1
2020-12-02,34,1
2020-12-02,35,5
2020-12-02,36,3
2020-12-02,37,3
2020-12-02,38,5
2020-12-02,39,3
2020-12-02,40,1
2020-12-02,41,4
2020-12-02,42,5
2020-12-02,43,4
2020-12-02,44,2
2020-12-02,45,2
2020-12-02,46,1
2020-12-02,47,1
2020-12-02,48,3
2020-12-02,49,3
2020-12-02,50,2
2020-12-02,51,3
2020-12-02,52,1
2020-12-02,54,1
2020-12-02,55,3
2020-12-02,56,3
2020-12-02,57,5
2020-12-02,58,4
2020-12-02,59,1
2020-12-03,0,3634
2020-12-03,1,186
2020-12-03,2,60
2020-12-03,3,45
2020-12-03,4,56
2020-12-03,5,67
2020-12-03,6,49
2020-12-03,7,29
2020-12-03,8,27
2020-12-03,9,14
2020-12-03,10,10
2020-12-03,11,14
2020-12-03,12,27
2020-12-03,13,21
2020-12-03,14,22
2020-12-03,15,8
2020-12-03,16,11
2020-12-03,17,3
2020-12-03,18,5
2020-12-03,19,8
2020-12-03,20,11
2020-12-03,21,4
2020-12-03,22,3
2020-12-03,23,1
2020-12-03,24,4
2020-12-03,25,8
2020-12-03,26,6
2020-12-03,27,8
2020-12-03,28,2
2020-12-03,29,1
2020-12-03,30,3
2020-12-03,31,2
2020-12-03,32,2
2020-12-03,33,6
2020-12-03,34,8
2020-12-03,35,6
2020-12-03,36,6
2020-12-03,37,4
2020-12-03,38,1
2020-12-03,39,5
2020-12-03,40,7
2020-12-03,41,6
2020-12-03,42,6
2020-12-03,43,4
2020-12-03,45,1
2020-12-03,46,3
2020-12-03,47,2
2020-12-03,48,3
2020-12-03,49,4
2020-12-03,50,2
2020-12-03,51,1
2020-12-03,52,1
2020-12-03,53,4
2020-12-03,54,6
2020-12-03,55,2
2020-12-03,56,4
2020-12-03,57,2
2020-12-03,58,4
2020-12-03,59,2
2020-12-04,0,3366
2020-12-04,1,139
2020-12-04,2,52
2020-12-04,3,101
2020-12-04,4,75
2020-12-04,5,52
2020-12-04,6,37
2020-12-04,7,38
2020-12-04,8,12
2020-12-04,9,10
2020-12-04,10,14
2020-12-04,11,22
2020-12-04,12,23
2020-12-04,13,20
2020-12-04,14,13
2020-12-04,15,7
2020-12-04,16,4
2020-12-04,17,9
2020-12-04,18,12
2020-12-04,19,8
2020-12-04,20,6
2020-12-04,21,1
2020-12-04,22,1
2020-12-04,23,3
2020-12-04,24,4
2020-12-04,25,11
2020-12-04,26,7
2020-12-04,27,6
2020-12-04,28,3
2020-12-04,29,2
2020-12-04,30,3
2020-12-04,31,5
2020-12-04,32,11
2020-12-04,33,11
2020-12-04,34,6
2020-12-04,35,5
2020-12-04,36,2
2020-12-04,37,1
2020-12-04,38,8
2020-12-04,39,6
2020-12-04,40,5
2020-12-04,41,4
2020-12-04,42,3
2020-12-04,43,1
2020-12-04,44,2
2020-12-04,46,1
2020-12-04,47,5
2020-12-04,48,2
2020-12-04,49,10
2020-12-04,50,3
2020-12-04,52,3
2020-12-04,53,1
2020-12-04,54,2
2020-12-04,55,4
2020-12-04,56,3
2020-12-04,57,2
2020-12-05,0,2575
2020-12-05,1,136
2020-12-05,2,59
2020-12-05,3,52
2020-12-05,4,28
2020-12-05,5,22
2020-12-05,6,18
2020-12-05,7,17
2020-12-05,8,9
2020-12-05,9,16
2020-12-05,10,2
2020-12-05,11,12
2020-12-05,12,11
2020-12-05,13,7
2020-12-05,14,7
2020-12-05,15,6
2020-12-05,16,8
2020-12-05,17,5
2020-12-05,18,2
2020-12-05,19,5
2020-12-05,20,2
2020-12-05,21,2
2020-12-05,22,3
2020-12-05,23,3
2020-12-05,24,5
2020-12-05,25,1
2020-12-05,26,1
2020-12-05,27,3
2020-12-05,29,4
2020-12-05,30,1
2020-12-05,31,3
2020-12-05,32,4
2020-12-05,33,3
2020-12-05,34,3
2020-12-05,35,3
2020-12-05,36,2
2020-12-05,37,2
2020-12-05,38,4
2020-12-05,39,3
2020-12-05,40,3
2020-12-05,41,1
2020-12-05,42,1
2020-12-05,43,1
2020-12-05,45,4
2020-12-05,46,2
2020-12-05,47,2
2020-12-05,48,2
2020-12-05,49,2
2020-12-05,50,2
2020-12-05,51,2
2020-12-05,52,2
2020-12-05,53,2
2020-12-05,54,3
2020-12-05,55,1
2020-12-05,57,2
2020-12-06,0,2461
2020-12-06,1,134
2020-12-06,2,40
2020-12-06,3,24
2020-12-06,4,18
2020-12-06,5,12
2020-12-06,6,10
2020-12-06,7,17
2020-12-06,8,11
2020-12-06,9,6
2020-12-06,10,3
2020-12-06,11,6
2020-12-06,12,3
2020-12-06,13,7
2020-12-06,14,10
2020-12-06,15,8
2020-12-06,16,6
2020-12-06,17,3
2020-12-06,18,2
2020-12-06,19,4
2020-12-06,20,3
2020-12-06,21,4
2020-12-06,22,1
2020-12-06,24,2
2020-12-06,25,4
2020-12-06,26,3
2020-12-06,28,3
2020-12-06,29,6
2020-12-06,30,3
2020-12-06,31,2
2020-12-06,32,3
2020-12-06,33,3
2020-12-06,34,1
2020-12-06,35,2
2020-12-06,36,1
2020-12-06,38,3
2020-12-06,39,2
2020-12-06,40,1
2020-12-06,41,1
2020-12-06,42,2
2020-12-06,43,2
2020-12-06,44,4
2020-12-06,46,1
2020-12-06,48,1
2020-12-06,49,1
2020-12-06,50,1
2020-12-06,54,1
2020-12-07,0,3855
2020-12-07,1,257
2020-12-07,2,84
2020-12-07,3,55
2020-12-07,4,39
2020-12-07,5,15
2020-12-07,6,19
2020-12-07,7,29
2020-12-07,8,21
2020-12-07,9,11
2020-12-07,10,15
2020-12-07,11,6
2020-12-07,12,6
2020-12-07,13,2
2020-12-07,14,11
2020-12-07,15,5
2020-12-07,16,7
2020-12-07,17,2
2020-12-07,18,1
2020-12-07,19,1
2020-12-07,21,5
2020-12-07,22,3
2020-12-07,24,3
2020-12-07,25,2
2020-12-07,26,2
2020-12-07,27,7
2020-12-07,28,9
2020-12-07,29,11
2020-12-07,30,14
2020-12-07,31,10
2020-12-07,32,6
2020-12-07,33,2
2020-12-07,34,5
2020-12-07,35,11
2020-12-07,36,1
2020-12-07,37,2
2020-12-07,38,2
2020-12-07,39,5
2020-12-07,40,1
2020-12-07,41,3
2020-12-07,42,1
2020-12-07,43,2
2020-12-07,44,4
2020-12-07,45,5
2020-12-07,46,2
2020-12-07,48,1
2020-12-07,49,1
2020-12-07,50,3
2020-12-07,51,2
2020-12-07,52,4
2020-12-07,53,2
2020-12-07,54,1
2020-12-07,55,2
2020-12-08,0,5659
2020-12-08,1,234
2020-12-08,2,114
2020-12-08,3,63
2020-12-08,4,28
2020-12-08,5,19
2020-12-08,6,38
2020-12-08,7,42
2020-12-08,8,28
2020-12-08,9,23
2020-12-08,10,12
2020-12-08,11,2
2020-12-08,12,5
2020-12-08,13,18
2020-12-08,14,12
2020-12-08,15,4
2020-12-08,16,7
2020-12-08,17,4
2020-12-08,18,4
2020-12-08,19,3
2020-12-08,20,11
2020-12-08,21,6
2020-12-08,22,8
2020-12-08,23,2
2020-12-08,24,3
2020-12-08,25,4
2020-12-08,26,3
2020-12-08,27,8
2020-12-08,28,16
2020-12-08,29,39
2020-12-08,30,10
2020-12-08,31,10
2020-12-08,32,9
2020-12-08,33,4
2020-12-08,34,9
2020-12-08,35,8
2020-12-08,36,4
2020-12-08,37,8
2020-12-08,38,3
2020-12-08,39,2
2020-12-08,40,2
2020-12-08,41,2
2020-12-08,42,3
2020-12-08,43,4
2020-12-08,44,4
2020-12-08,45,3
2020-12-08,46,1
2020-12-08,47,1
2020-12-08,49,5
2020-12-08,50,4
2020-12-08,51,2
2020-12-08,53,1
2020-12-08,54,1
2020-12-09,0,4559
2020-12-09,1,224
2020-12-09,2,92
2020-12-09,3,37
2020-12-09,4,26
2020-12-09,5,42
2020-12-09,6,41
2020-12-09,7,36
2020-12-09,8,23
2020-12-09,9,21
2020-12-09,10,5
2020-12-09,11,7
2020-12-09,12,17
2020-12-09,13,19
2020-12-09,14,9
2020-12-09,15,6
2020-12-09,17,2
2020-12-09,18,3
2020-12-09,19,5
2020-12-09,20,8
2020-12-09,21,8
2020-12-09,22,9
2020-12-09,23,3
2020-12-09,24,4
2020-12-09,25,2
2020-12-09,26,9
2020-12-09,27,9
2020-12-09,28,21
2020-12-09,29,7
2020-12-09,30,8
2020-12-09,31,4
2020-12-09,32,5
2020-12-09,33,9
2020-12-09,34,9
2020-12-09,35,8
2020-12-09,36,8
2020-12-09,37,2
2020-12-09,38,4
2020-12-09,40,3
2020-12-09,41,5
2020-12-09,42,4
2020-12-09,43,8
2020-12-09,44,6
2020-12-09,45,1
2020-12-09,46,4
2020-12-09,47,4
2020-12-09,48,4
2020-12-09,49,2
2020-12-09,50,2
2020-12-09,51,4
2020-12-09,52,2
2020-12-09,53,1
2020-12-10,0,4279
2020-12-10,1,213
2020-12-10,2,54
2020-12-10,3,31
2020-12-10,4,52
2020-12-10,5,44
2020-12-10,6,43
2020-12-10,7,34
2020-12-10,8,15
2020-12-10,9,9
2020-12-10,10,11
2020-12-10,11,9
2020-12-10,12,21
2020-12-10,13,10
2020-12-10,14,5
2020-12-10,15,3
2020-12-10,16,4
2020-12-10,17,5
2020-12-10,18,10
2020-12-10,19,10
2020-12-10,20,10
2020-12-10,21,4
2020-12-10,22,5
2020-12-10,23,4
2020-12-10,24,3
2020-12-10,25,6
2020-12-10,26,11
2020-12-10,27,10
2020-12-10,28,9
2020-12-10,29,8
2020-12-10,30,5
2020-12-10,31,2
2020-12-10,32,6
2020-12-10,33,11
2020-12-10,34,11
2020-12-10,35,12
2020-12-10,36,5
2020-12-10,37,2
2020-12-10,38,1
2020-12-10,39,3
2020-12-10,40,4
2020-12-10,41,8
2020-12-10,42,12
2020-12-10,43,2
2020-12-10,44,2
2020-12-10,45,1
2020-12-10,46,4
2020-12-10,47,3
2020-12-10,48,12
2020-12-10,49,4
2020-12-10,50,4
2020-12-10,51,2
2020-12-10,52,1
2020-12-11,0,4045
2020-12-11,1,143
2020-12-11,2,54
2020-12-11,3,77
2020-12-11,4,48
2020-12-11,5,41
2020-12-11,6,27
2020-12-11,7,30
2020-12-11,8,8
2020-12-11,9,7
2020-12-11,10,17
2020-12-11,11,13
2020-12-11,12,13
2020-12-11,13,9
2020-12-11,14,4
2020-12-11,15,1
2020-12-11,16,4
2020-12-11,17,8
2020-12-11,18,5
2020-12-11,19,5
2020-12-11,20,2
2020-12-11,22,2
2020-12-11,23,3
2020-12-11,24,5
2020-12-11,25,8
2020-12-11,26,9
2020-12-11,27,5
2020-12-11,28,6
2020-12-11,29,5
2020-12-11,30,3
2020-12-11,31,8
2020-12-11,32,3
2020-12-11,33,2
2020-12-11,34,3
2020-12-11,35,1
2020-12-11,36,4
2020-12-11,37,1
2020-12-11,38,3
2020-12-11,39,5
2020-12-11,40,3
2020-12-11,41,7
2020-12-11,42,2
2020-12-11,43,1
2020-12-11,44,2
2020-12-11,45,9
2020-12-11,46,8
2020-12-11,47,5
2020-12-11,48,6
2020-12-11,49,3
2020-12-12,0,3211
2020-12-12,1,100
2020-12-12,2,52
2020-12-12,3,40
2020-12-12,4,28
2020-12-12,5,23
2020-12-12,6,12
2020-12-12,7,19
2020-12-12,8,8
2020-12-12,9,7
2020-12-12,10,5
2020-12-12,11,7
2020-12-12,12,6
2020-12-12,13,5
2020-12-12,14,3
2020-12-12,15,5
2020-12-12,16,12
2020-12-12,17,3
2020-12-12,18,3
2020-12-12,19,8
2020-12-12,20,4
2020-12-12,21,2
2020-12-12,22,3
2020-12-12,23,7
2020-12-12,24,8
2020-12-12,25,7
2020-12-12,26,4
2020-12-12,27,2
2020-12-12,28,6
2020-12-12,29,3
2020-12-12,30,3
2020-12-12,31,2
2020-12-12,32,1
2020-12-12,33,3
2020-12-12,34,1
2020-12-12,35,2
2020-12-12,36,2
2020-12-12,38,1
2020-12-12,39,2
2020-12-12,40,4
2020-12-12,41,1
2020-12-12,42,3
2020-12-12,43,1
2020-12-12,44,1
2020-12-12,45,2
2020-12-12,46,2
2020-12-12,47,5
2020-12-12,48,3
2020-12-12,50,1
2020-12-13,0,2937
2020-12-13,1,89
2020-12-13,2,38
2020-12-13,3,25
2020-12-13,4,20
2020-12-13,5,16
2020-12-13,6,10
2020-12-13,7,7
2020-12-13,8,4
2020-12-13,9,3
2020-12-13,10,8
2020-12-13,11,2
2020-12-13,12,3
2020-12-13,13,3
2020-12-13,14,3
2020-12-13,15,6
2020-12-13,16,4
2020-12-13,17,4
2020-12-13,18,3
2020-12-13,19,2
2020-12-13,20,1
2020-12-13,21,1
2020-12-13,22,2
2020-12-13,23,1
2020-12-13,24,2
2020-12-13,25,3
2020-12-13,26,3
2020-12-13,27,1
2020-12-13,29,3
2020-12-13,30,4
2020-12-13,31,1
2020-12-13,33,3
2020-12-13,36,2
2020-12-13,37,1
2020-12-13,38,2
2020-12-13,39,2
2020-12-13,40,2
2020-12-13,42,1
2020-12-13,43,3
2020-12-13,44,3
2020-12-13,45,3
2020-12-13,47,2
2020-12-13,48,1
2020-12-13,49,1
2020-12-14,0,3791
2020-12-14,1,200
2020-12-14,2,76
2020-12-14,3,35
2020-12-14,4,22
2020-12-14,5,14
2020-12-14,6,9
2020-12-14,7,23
2020-12-14,8,24
2020-12-14,9,15
2020-12-14,10,6
2020-12-14,11,6
2020-12-14,12,4
2020-12-14,13,3
2020-12-14,14,8
2020-12-14,15,3
2020-12-14,16,6
2020-12-14,17,5
2020-12-14,18,1
2020-12-14,19,3
2020-12-14,20,4
2020-12-14,21,7
2020-12-14,22,9
2020-12-14,23,9
2020-12-14,24,10
2020-12-14,25,13
2020-12-14,26,2
2020-12-14,27,2
2020-12-14,28,11
2020-12-14,29,13
2020-12-14,30,6
2020-12-14,31,8
2020-12-14,32,5
2020-12-14,33,1
2020-12-14,34,2
2020-12-14,35,1
2020-12-14,36,3
2020-12-14,37,2
2020-12-14,38,3
2020-12-14,39,5
2020-12-14,40,1
2020-12-14,41,4
2020-12-14,42,3
2020-12-14,43,2
2020-12-14,44,4
2020-12-14,45,5
2020-12-14,46,3
2020-12-14,47,1
2020-12-15,0,4113
2020-12-15,1,210
2020-12-15,2,76
2020-12-15,3,42
2020-12-15,4,24
2020-12-15,5,12
2020-12-15,6,28
2020-12-15,7,22
2020-12-15,8,13
2020-12-15,9,5
2020-12-15,10,8
2020-12-15,11,10
2020-12-15,12,5
2020-12-15,13,12
2020-12-15,14,11
2020-12-15,15,11
2020-12-15,16,7
2020-12-15,17,3
2020-12-15,18,2
2020-12-15,19,5
2020-12-15,20,8
2020-12-15,21,10
2020-12-15,22,12
2020-12-15,23,13
2020-12-15,24,17
2020-12-15,25,6
2020-12-15,26,3
2020-12-15,27,8
2020-12-15,28,14
2020-12-15,29,10
2020-12-15,30,14
2020-12-15,31,7
2020-12-15,32,2
2020-12-15,33,3
2020-12-15,34,2
2020-12-15,35,5
2020-12-15,36,7
2020-12-15,37,6
2020-12-15,38,3
2020-12-15,39,2
2020-12-15,40,6
2020-12-15,41,8
2020-12-15,42,4
2020-12-15,43,8
2020-12-15,44,2
2020-12-15,45,8
2020-12-15,46,2
2020-12-15,47,1
2020-12-16,0,3946
2020-12-16,1,158
2020-12-16,2,48
2020-12-16,3,18
2020-12-16,4,13
2020-12-16,5,40
2020-12-16,6,32
2020-12-16,7,20
2020-12-16,8,7
2020-12-16,9,5
2020-12-16,10,4
2020-12-16,11,5
2020-12-16,12,8
2020-12-16,13,9
2020-12-16,14,11
2020-12-16,15,1
2020-12-16,16,5
2020-12-16,17,1
2020-12-16,18,3
2020-12-16,19,10
2020-12-16,20,18
2020-12-16,21,13
2020-12-16,22,12
2020-12-16,23,8
2020-12-16,24,6
2020-12-16,25,5
2020-12-16,26,12
2020-12-16,27,14
2020-12-16,28,19
2020-12-16,29,11
2020-12-16,30,6
2020-12-16,31,3
2020-12-16,32,2
2020-12-16,33,1
2020-12-16,34,10
2020-12-16,35,3
2020-12-16,36,8
2020-12-16,37,2
2020-12-16,38,3
2020-12-16,39,2
2020-12-16,40,2
2020-12-16,41,7
2020-12-16,42,9
2020-12-16,43,6
2020-12-16,44,5
2020-12-16,45,2
2020-12-16,46,1
2020-12-17,0,3922
2020-12-17,1,155
2020-12-17,2,42
2020-12-17,3,27
2020-12-17,4,42
2020-12-17,5,28
2020-12-17,6,19
2020-12-17,7,13
2020-12-17,8,8
2020-12-17,9,4
2020-12-17,10,4
2020-12-17,11,10
2020-12-17,12,11
2020-12-17,13,7
2020-12-17,14,5
2020-12-17,15,3
2020-12-17,16,4
2020-12-17,17,3
2020-12-17,18,11
2020-12-17,19,6
2020-12-17,20,22
2020-12-17,21,9
2020-12-17,22,9
2020-12-17,23,4
2020-12-17,24,5
2020-12-17,25,10
2020-12-17,26,6
2020-12-17,27,9
2020-12-17,28,4
2020-12-17,29,5
2020-12-17,30,2
2020-12-17,31,2
2020-12-17,32,5
2020-12-17,33,4
2020-12-17,34,13
2020-12-17,35,6
2020-12-17,36,6
2020-12-17,37,2
2020-12-17,38,1
2020-12-17,39,4
2020-12-17,40,6
2020-12-17,41,3
2020-12-17,42,4
2020-12-17,43,1
2020-12-17,44,1
2020-12-17,45,4
2020-12-18,0,3629
2020-12-18,1,125
2020-12-18,2,41
2020-12-18,3,46
2020-12-18,4,43
2020-12-18,5,24
2020-12-18,6,11
2020-12-18,7,13
2020-12-18,8,6
2020-12-18,9,7
2020-12-18,10,13
2020-12-18,11,12
2020-12-18,12,8
2020-12-18,13,9
2020-12-18,14,4
2020-12-18,15,4
2020-12-18,16,2
2020-12-18,17,8
2020-12-18,18,14
2020-12-18,19,10
2020-12-18,20,13
2020-12-18,21,6
2020-12-18,22,7
2020-12-18,23,3
2020-12-18,24,4
2020-12-18,25,9
2020-12-18,26,4
2020-12-18,27,3
2020-12-18,28,9
2020-12-18,29,1
2020-12-18,30,3
2020-12-18,31,5
2020-12-18,32,7
2020-12-18,33,3
2020-12-18,34,5
2020-12-18,35,8
2020-12-18,36,1
2020-12-18,37,6
2020-12-18,38,1
2020-12-18,39,4
2020-12-18,40,4
2020-12-18,41,3
2020-12-18,42,4
2020-12-19,0,2815
2020-12-19,1,93
2020-12-19,2,37
2020-12-19,3,27
2020-12-19,4,25
2020-12-19,5,15
2020-12-19,6,9
2020-12-19,7,6
2020-12-19,8,9
2020-12-19,9,5
2020-12-19,10,8
2020-12-19,11,7
2020-12-19,12,3
2020-12-19,13,1
2020-12-19,14,1
2020-12-19,15,3
2020-12-19,16,4
2020-12-19,17,4
2020-12-19,18,7
2020-12-19,19,5
2020-12-19,20,4
2020-12-19,21,5
2020-12-19,23,6
2020-12-19,24,3
2020-12-19,25,2
2020-12-19,26,5
2020-12-19,27,2
2020-12-19,28,3
2020-12-19,29,4
2020-12-19,30,1
2020-12-19,31,2
2020-12-19,32,2
2020-12-19,33,4
2020-12-19,34,2
2020-12-19,35,1
2020-12-19,37,2
2020-12-19,38,3
2020-12-19,39,2
2020-12-19,40,4
2020-12-19,41,2
2020-12-19,42,3
2020-12-19,43,1
2020-12-20,0,2623
2020-12-20,1,99
2020-12-20,2,30
2020-12-20,3,15
2020-12-20,4,6
2020-12-20,5,6
2020-12-20,6,3
2020-12-20,7,4
2020-12-20,8,9
2020-12-20,9,8
2020-12-20,10,4
2020-12-20,11,6
2020-12-20,12,2
2020-12-20,13,6
2020-12-20,14,3
2020-12-20,15,2
2020-12-20,16,5
2020-12-20,17,5
2020-12-20,18,4
2020-12-20,19,7
2020-12-20,20,1
2020-12-20,21,6
2020-12-20,22,2
2020-12-20,23,3
2020-12-20,25,1
2020-12-20,26,2
2020-12-20,27,3
2020-12-20,28,2
2020-12-20,29,1
2020-12-20,30,1
2020-12-20,31,1
2020-12-20,32,3
2020-12-20,33,1
2020-12-20,34,3
2020-12-20,35,1
2020-12-20,38,2
2020-12-20,39,1
2020-12-21,0,3025
2020-12-21,1,111
2020-12-21,2,45
2020-12-21,3,20
2020-12-21,4,11
2020-12-21,5,9
2020-12-21,6,15
2020-12-21,7,19
2020-12-21,8,14
2020-12-21,9,4
2020-12-21,10,4
2020-12-21,11,7
2020-12-21,12,4
2020-12-21,13,7
2020-12-21,14,7
2020-12-21,15,9
2020-12-21,16,8
2020-12-21,17,5
2020-12-21,18,5
2020-12-21,19,4
2020-12-21,20,3
2020-12-21,21,8
2020-12-21,22,9
2020-12-21,23,5
2020-12-21,24,10
2020-12-21,25,6
2020-12-21,26,10
2020-12-21,28,3
2020-12-21,29,3
2020-12-21,30,6
2020-12-21,31,3
2020-12-21,32,5
2020-12-21,33,1
2020-12-21,34,3
2020-12-21,35,3
2020-12-21,36,6
2020-12-21,37,4
2020-12-21,38,2
2020-12-21,39,2
2020-12-21,40,1
2020-12-21,41,1
2020-12-22,0,2798
2020-12-22,1,127
2020-12-22,2,23
2020-12-22,3,18
2020-12-22,4,9
2020-12-22,5,10
2020-12-22,6,21
2020-12-22,7,15
2020-12-22,8,11
2020-12-22,9,12
2020-12-22,10,3
2020-12-22,11,3
2020-12-22,12,7
2020-12-22,13,4
2020-12-22,14,18
2020-12-22,15,9
2020-12-22,16,7
2020-12-22,17,4
2020-12-22,18,5
2020-12-22,19,2
2020-12-22,20,9
2020-12-22,21,11
2020-12-22,22,8
2020-12-22,23,7
2020-12-22,24,4
2020-12-22,25,7
2020-12-22,26,3
2020-12-22,27,4
2020-12-22,28,5
2020-12-22,29,9
2020-12-22,30,4
2020-12-22,31,5
2020-12-22,32,3
2020-12-22,34,5
2020-12-22,35,5
2020-12-22,36,3
2020-12-22,37,5
2020-12-22,38,1
2020-12-22,39,2
2020-12-22,40,2
2020-12-23,0,2600
2020-12-23,1,70
2020-12-23,2,23
2020-12-23,3,14
2020-12-23,4,15
2020-12-23,5,15
2020-12-23,6,19
2020-12-23,7,10
2020-12-23,8,6
2020-12-23,9,7
2020-12-23,10,3
2020-12-23,11,6
2020-12-23,12,19
2020-12-23,13,13
2020-12-23,14,7
2020-12-23,15,10
2020-12-23,16,7
2020-12-23,17,6
2020-12-23,18,6
2020-12-23,19,11
2020-12-23,20,4
2020-12-23,21,9
2020-12-23,22,6
2020-12-23,23,9
2020-12-23,24,4
2020-12-23,25,3
2020-12-23,26,6
2020-12-23,27,4
2020-12-23,28,4
2020-12-23,29,5
2020-12-23,30,4
2020-12-23,31,1
2020-12-23,32,1
2020-12-23,33,2
2020-12-23,34,6
2020-12-23,35,4
2020-12-23,36,3
2020-12-23,37,3
2020-12-23,39,1
2020-12-24,0,2288
2020-12-24,1,69
2020-12-24,2,25
2020-12-24,3,21
2020-12-24,4,20
2020-12-24,5,18
2020-12-24,6,10
2020-12-24,7,6
2020-12-24,8,4
2020-12-24,9,6
2020-12-24,10,4
2020-12-24,11,13
2020-12-24,12,1
2020-12-24,13,14
2020-12-24,14,6
2020-12-24,15,5
2020-12-24,16,5
2020-12-24,18,2
2020-12-24,19,2
2020-12-24,20,3
2020-12-24,21,1
2020-12-24,22,4
2020-12-24,23,1
2020-12-24,24,1
2020-12-24,26,3
2020-12-24,27,2
2020-12-24,28,4
2020-12-24,29,4
2020-12-24,30,2
2020-12-24,31,1
2020-12-24,32,1
2020-12-24,33,4
2020-12-24,35,4
2020-12-25,0,2242
2020-12-25,1,54
2020-12-25,2,17
2020-12-25,3,16
2020-12-25,4,11
2020-12-25,5,6
2020-12-25,6,9
2020-12-25,7,5
2020-12-25,8,6
2020-12-25,9,3
2020-12-25,10,3
2020-12-25,11,1
2020-12-25,12,5
2020-12-25,13,5
2020-12-25,14,2
2020-12-25,15,2
2020-12-25,16,2
2020-12-25,17,3
2020-12-25,18,2
2020-12-25,19,2
2020-12-25,20,2
2020-12-25,21,2
2020-12-25,23,1
2020-12-25,24,2
2020-12-25,25,2
2020-12-25,27,1
2020-12-25,30,1
2020-12-25,32,1
2020-12-25,33,1
2020-12-25,35,1
2020-12-26,0,2254
2020-12-26,1,66
2020-12-26,2,28
2020-12-26,3,18
2020-12-26,4,13
2020-12-26,5,4
2020-12-26,6,6
2020-12-26,7,5
2020-12-26,8,3
2020-12-26,9,4
2020-12-26,10,3
2020-12-26,11,1
2020-12-26,12,5
2020-12-26,13,5
2020-12-26,14,3
2020-12-26,15,1
2020-12-26,16,1
2020-12-26,17,6
2020-12-26,18,4
2020-12-26,19,4
2020-12-26,20,6
2020-12-26,21,2
2020-12-26,22,2
2020-12-26,23,2
2020-12-26,24,5
2020-12-26,25,4
2020-12-26,26,1
2020-12-26,27,3
2020-12-26,29,1
2020-12-26,30,1
2020-12-26,32,2
2020-12-26,35,1
2020-12-26,36,2
2020-12-27,0,2223
2020-12-27,1,69
2020-12-27,2,21
2020-12-27,3,22
2020-12-27,4,8
2020-12-27,5,10
2020-12-27,6,6
2020-12-27,7,9
2020-12-27,8,7
2020-12-27,9,7
2020-12-27,10,3
2020-12-27,11,4
2020-12-27,12,3
2020-12-27,13,2
2020-12-27,14,1
2020-12-27,15,3
2020-12-27,16,5
2020-12-27,17,4
2020-12-27,18,2
2020-12-27,19,1
2020-12-27,20,1
2020-12-27,21,3
2020-12-27,22,2
2020-12-27,23,2
2020-12-27,24,2
2020-12-27,25,1
2020-12-27,26,1
2020-12-27,27,2
2020-12-27,29,1
2020-12-27,31,2
2020-12-27,32,1
2020-12-27,33,1
2020-12-27,35,1
2020-12-28,0,2628
2020-12-28,1,89
2020-12-28,2,44
2020-12-28,3,16
2020-12-28,4,15
2020-12-28,5,9
2020-12-28,6,10
2020-12-28,7,18
2020-12-28,8,8
2020-12-28,9,8
2020-12-28,10,8
2020-12-28,11,6
2020-12-28,12,6
2020-12-28,13,2
2020-12-28,14,5
2020-12-28,15,3
2020-12-28,16,2
2020-12-28,17,5
2020-12-28,18,5
2020-12-28,19,4
2020-12-28,20,3
2020-12-28,21,3
2020-12-28,22,3
2020-12-28,23,5
2020-12-28,24,2
2020-12-28,25,4
2020-12-28,26,1
2020-12-28,27,7
2020-12-28,28,1
2020-12-28,29,1
2020-12-28,30,4
2020-12-28,31,3
2020-12-28,32,3
2020-12-28,33,4
2020-12-28,34,3
2020-12-29,0,2698
2020-12-29,1,94
2020-12-29,2,30
2020-12-29,3,10
2020-12-29,4,18
2020-12-29,5,9
2020-12-29,6,12
2020-12-29,7,12
2020-12-29,8,12
2020-12-29,9,10
2020-12-29,10,10
2020-12-29,11,3
2020-12-29,12,6
2020-12-29,13,5
2020-12-29,14,6
2020-12-29,15,6
2020-12-29,16,2
2020-12-29,17,1
2020-12-29,18,2
2020-12-29,19,3
2020-12-29,20,2
2020-12-29,21,3
2020-12-29,22,2
2020-12-29,23,6
2020-12-29,24,2
2020-12-29,25,2
2020-12-29,26,2
2020-12-29,27,3
2020-12-29,28,3
2020-12-29,29,6
2020-12-29,30,4
2020-12-29,31,1
2020-12-30,0,2558
2020-12-30,1,65
2020-12-30,2,18
2020-12-30,3,18
2020-12-30,4,11
2020-12-30,5,12
2020-12-30,6,8
2020-12-30,7,8
2020-12-30,8,5
2020-12-30,9,6
2020-12-30,10,4
2020-12-30,11,4
2020-12-30,12,15
2020-12-30,13,5
2020-12-30,14,3
2020-12-30,15,4
2020-12-30,16,1
2020-12-30,17,2
2020-12-30,20,6
2020-12-30,21,3
2020-12-30,22,2
2020-12-30,23,4
2020-12-30,24,3
2020-12-30,25,2
2020-12-30,26,2
2020-12-30,27,2
2020-12-30,28,3
2020-12-30,29,1
2020-12-30,30,2
2020-12-31,0,2143
2020-12-31,1,47
2020-12-31,2,23
2020-12-31,3,16
2020-12-31,4,13
2020-12-31,5,4
2020-12-31,6,10
2020-12-31,7,6
2020-12-31,8,4
2020-12-31,9,2
2020-12-31,10,3
2020-12-31,11,5
2020-12-31,12,4
2020-12-31,13,2
2020-12-31,14,3
2020-12-31,15,8
2020-12-31,16,2
2020-12-31,17,3
2020-12-31,18,3
2020-12-31,19,3
2020-12-31,20,1
2020-12-31,21,3
2020-12-31,22,3
2020-12-31,23,3
2020-12-31,24,3
2020-12-31,25,1
2020-12-31,26,4
2020-12-31,27,2
2020-12-31,28,3
2020-12-31,29,4
2020-12-31,30,3
2021-01-01,0,1948
2021-01-01,1,56
2021-01-01,2,20
2021-01-01,3,17
2021-01-01,4,12
2021-01-01,5,10
2021-01-01,6,6
2021-01-01,7,6
2021-01-01,8,5
2021-01-01,9,3
2021-01-01,10,3
2021-01-01,11,4
2021-01-01,12,4
2021-01-01,13,3
2021-01-01,14,3
2021-01-01,16,1
2021-01-01,17,1
2021-01-01,18,3
2021-01-01,19,2
2021-01-01,21,1
2021-01-01,22,4
2021-01-01,23,2
2021-01-01,24,2
2021-01-01,25,2
2021-01-01,26,2
2021-01-01,28,4
2021-01-02,0,2341
2021-01-02,1,74
2021-01-02,2,31
2021-01-02,3,24
2021-01-02,4,9
2021-01-02,5,9
2021-01-02,6,5
2021-01-02,7,3
2021-01-02,8,5
2021-01-02,9,3
2021-01-02,10,8
2021-01-02,11,3
2021-01-02,12,4
2021-01-02,13,2
2021-01-02,14,5
2021-01-02,15,4
2021-01-02,16,4
2021-01-02,18,2
2021-01-02,19,1
2021-01-02,20,2
2021-01-02,21,4
2021-01-02,22,1
2021-01-02,23,2
2021-01-02,24,1
2021-01-02,25,1
2021-01-02,27,4
2021-01-02,29,1
2021-01-03,0,2299
2021-01-03,1,66
2021-01-03,2,26
2021-01-03,3,20
2021-01-03,4,11
2021-01-03,5,10
2021-01-03,6,4
2021-01-03,7,8
2021-01-03,8,3
2021-01-03,9,4
2021-01-03,10,1
2021-01-03,11,2
2021-01-03,12,1
2021-01-03,13,2
2021-01-03,14,4
2021-01-03,15,2
2021-01-03,16,2
2021-01-03,17,6
2021-01-03,18,3
2021-01-03,19,2
2021-01-03,20,1
2021-01-03,22,1
2021-01-03,23,1
2021-01-03,25,3
2021-01-03,28,1
2021-01-04,0,2681
2021-01-04,1,105
2021-01-04,2,46
2021-01-04,3,23
2021-01-04,4,18
2021-01-04,5,14
2021-01-04,6,13
2021-01-04,7,17
2021-01-04,8,10
2021-01-04,9,7
2021-01-04,10,10
2021-01-04,11,3
2021-01-04,12,5
2021-01-04,13,1
2021-01-04,14,6
2021-01-04,15,7
2021-01-04,16,6
2021-01-04,17,8
2021-01-04,18,6
2021-01-04,19,1
2021-01-04,20,2
2021-01-04,21,4
2021-01-04,22,7
2021-01-04,23,4
2021-01-04,24,3
2021-01-04,25,2
2021-01-04,26,3
2021-01-04,27,3
2021-01-05,0,3583
2021-01-05,1,179
2021-01-05,2,80
2021-01-05,3,40
2021-01-05,4,18
2021-01-05,5,11
2021-01-05,6,30
2021-01-05,7,18
2021-01-05,8,16
2021-01-05,9,10
2021-01-05,10,9
2021-01-05,11,7
2021-01-05,12,2
2021-01-05,13,13
2021-01-05,14,10
2021-01-05,15,12
2021-01-05,16,7
2021-01-05,17,8
2021-01-05,18,2
2021-01-05,19,2
2021-01-05,20,11
2021-01-05,21,7
2021-01-05,22,7
2021-01-05,23,8
2021-01-05,24,6
2021-01-05,25,2
2021-01-05,26,6
2021-01-06,0,4803
2021-01-06,1,175
2021-01-06,2,64
2021-01-06,3,22
2021-01-06,4,25
2021-01-06,5,30
2021-01-06,6,30
2021-01-06,7,24
2021-01-06,8,26
2021-01-06,9,22
2021-01-06,10,10
2021-01-06,11,8
2021-01-06,12,16
2021-01-06,13,10
2021-01-06,14,10
2021-01-06,15,6
2021-01-06,16,6
2021-01-06,17,4
2021-01-06,18,3
2021-01-06,19,8
2021-01-06,20,2
2021-01-06,21,11
2021-01-06,22,12
2021-01-06,23,8
2021-01-06,24,8
2021-01-06,25,1
2021-01-07,0,3572
2021-01-07,1,133
2021-01-07,2,40
2021-01-07,3,26
2021-01-07,4,40
2021-01-07,5,37
2021-01-07,6,16
2021-01-07,7,21
2021-01-07,8,18
2021-01-07,9,9
2021-01-07,10,7
2021-01-07,11,7
2021-01-07,12,14
2021-01-07,13,7
2021-01-07,14,13
2021-01-07,15,9
2021-01-07,16,5
2021-01-07,17,1
2021-01-07,18,6
2021-01-07,19,5
2021-01-07,20,10
2021-01-07,21,6
2021-01-07,22,3
2021-01-07,23,3
2021-01-07,24,5
2021-01-08,0,3254
2021-01-08,1,113
2021-01-08,2,39
2021-01-08,3,55
2021-01-08,4,37
2021-01-08,5,34
2021-01-08,6,29
2021-01-08,7,16
2021-01-08,8,11
2021-01-08,9,9
2021-01-08,10,9
2021-01-08,11,13
2021-01-08,12,11
2021-01-08,13,13
2021-01-08,14,12
2021-01-08,15,7
2021-01-08,16,3
2021-01-08,17,4
2021-01-08,18,4
2021-01-08,19,7
2021-01-08,20,5
2021-01-08,21,6
2021-01-08,22,6
2021-01-08,23,4
2021-01-09,0,2582
2021-01-09,1,90
2021-01-09,2,40
2021-01-09,3,28
2021-01-09,4,19
2021-01-09,5,14
2021-01-09,6,9
2021-01-09,7,8
2021-01-09,8,10
2021-01-09,9,3
2021-01-09,10,6
2021-01-09,11,12
2021-01-09,12,12
2021-01-09,13,9
2021-01-09,14,3
2021-01-09,15,4
2021-01-09,16,6
2021-01-09,17,7
2021-01-09,19,1
2021-01-09,20,5
2021-01-09,21,4
2021-01-09,22,1
2021-01-10,0,2433
2021-01-10,1,88
2021-01-10,2,44
2021-01-10,3,20
2021-01-10,4,22
2021-01-10,5,12
2021-01-10,6,8
2021-01-10,7,9
2021-01-10,8,6
2021-01-10,9,9
2021-01-10,10,8
2021-01-10,11,6
2021-01-10,12,2
2021-01-10,13,2
2021-01-10,14,3
2021-01-10,15,5
2021-01-10,16,6
2021-01-10,17,7
2021-01-10,18,2
2021-01-10,19,4
2021-01-10,20,2
2021-01-10,21,4
2021-01-11,0,3034
2021-01-11,1,130
2021-01-11,2,42
2021-01-11,3,46
2021-01-11,4,30
2021-01-11,5,9
2021-01-11,6,5
2021-01-11,7,25
2021-01-11,8,20
2021-01-11,9,18
2021-01-11,10,13
2021-01-11,11,7
2021-01-11,12,5
2021-01-11,13,3
2021-01-11,14,9
2021-01-11,15,12
2021-01-11,16,10
2021-01-11,17,9
2021-01-11,18,2
2021-01-11,19,7
2021-01-11,20,6
2021-01-12,0,3551
2021-01-12,1,156
2021-01-12,2,69
2021-01-12,3,39
2021-01-12,4,14
2021-01-12,5,10
2021-01-12,6,14
2021-01-12,7,25
2021-01-12,8,19
2021-01-12,9,26
2021-01-12,10,18
2021-01-12,11,11
2021-01-12,12,10
2021-01-12,13,14
2021-01-12,14,14
2021-01-12,15,18
2021-01-12,16,11
2021-01-12,17,8
2021-01-12,18,6
2021-01-12,19,1
2021-01-13,0,3552
2021-01-13,1,132
2021-01-13,2,40
2021-01-13,3,22
2021-01-13,4,18
2021-01-13,5,28
2021-01-13,6,27
2021-01-13,7,26
2021-01-13,8,17
2021-01-13,9,14
2021-01-13,10,7
2021-01-13,11,3
2021-01-13,12,8
2021-01-13,13,10
2021-01-13,14,18
2021-01-13,15,14
2021-01-13,16,7
2021-01-13,17,2
2021-01-13,18,2
2021-01-14,0,3303
2021-01-14,1,120
2021-01-14,2,26
2021-01-14,3,17
2021-01-14,4,21
2021-01-14,5,35
2021-01-14,6,23
2021-01-14,7,23
2021-01-14,8,18
2021-01-14,9,8
2021-01-14,10,9
2021-01-14,11,7
2021-01-14,12,12
2021-01-14,13,11
2021-01-14,14,13
2021-01-14,15,13
2021-01-14,16,3
2021-01-14,17,3
2021-01-15,0,3026
2021-01-15,1,98
2021-01-15,2,31
2021-01-15,3,41
2021-01-15,4,43
2021-01-15,5,22
2021-01-15,6,27
2021-01-15,7,15
2021-01-15,8,5
2021-01-15,9,4
2021-01-15,10,13
2021-01-15,11,6
2021-01-15,12,6
2021-01-15,13,9
2021-01-15,14,4
2021-01-15,15,2
2021-01-15,16,5
2021-01-16,0,2553
2021-01-16,1,86
2021-01-16,2,48
2021-01-16,3,34
2021-01-16,4,20
2021-01-16,5,17
2021-01-16,6,16
2021-01-16,7,12
2021-01-16,8,11
2021-01-16,9,5
2021-01-16,10,8
2021-01-16,11,9
2021-01-16,12,5
2021-01-16,13,4
2021-01-16,14,7
2021-01-16,15,6
2021-01-17,0,2414
2021-01-17,1,94
2021-01-17,2,37
2021-01-17,3,21
2021-01-17,4,13
2021-01-17,5,17
2021-01-17,6,10
2021-01-17,7,13
2021-01-17,8,6
2021-01-17,9,8
2021-01-17,10,3
2021-01-17,11,6
2021-01-17,12,4
2021-01-17,14,6
2021-01-18,0,2780
2021-01-18,1,118
2021-01-18,2,46
2021-01-18,3,23
2021-01-18,4,22
2021-01-18,5,14
2021-01-18,6,8
2021-01-18,7,9
2021-01-18,8,9
2021-01-18,9,12
2021-01-18,10,7
2021-01-18,11,6
2021-01-18,12,5
2021-01-18,13,5
2021-01-19,0,3115
2021-01-19,1,185
2021-01-19,2,79
2021-01-19,3,42
2021-01-19,4,21
2021-01-19,5,17
2021-01-19,6,33
2021-01-19,7,30
2021-01-19,8,24
2021-01-19,9,24
2021-01-19,10,16
2021-01-19,11,13
2021-01-19,12,12
2021-01-20,0,3567
2021-01-20,1,204
2021-01-20,2,84
2021-01-20,3,38
2021-01-20,4,27
2021-01-20,5,54
2021-01-20,6,38
2021-01-20,7,39
2021-01-20,8,28
2021-01-20,9,31
2021-01-20,10,26
2021-01-20,11,3
2021-01-21,0,3483
2021-01-21,1,151
2021-01-21,2,46
2021-01-21,3,33
2021-01-21,4,49
2021-01-21,5,41
2021-01-21,6,21
2021-01-21,7,24
2021-01-21,8,17
2021-01-21,9,8
2021-01-21,10,13
2021-01-22,0,2983
2021-01-22,1,91
2021-01-22,2,39
2021-01-22,3,73
2021-01-22,4,38
2021-01-22,5,23
2021-01-22,6,15
2021-01-22,7,21
2021-01-22,8,8
2021-01-22,9,3
2021-01-23,0,2440
2021-01-23,1,92
2021-01-23,2,43
2021-01-23,3,44
2021-01-23,4,26
2021-01-23,5,18
2021-01-23,6,19
2021-01-23,7,9
2021-01-23,8,5
2021-01-24,0,2330
2021-01-24,1,96
2021-01-24,2,30
2021-01-24,3,18
2021-01-24,4,15
2021-01-24,5,12
2021-01-24,6,7
2021-01-24,7,15
2021-01-25,0,2897
2021-01-25,1,127
2021-01-25,2,59
2021-01-25,3,48
2021-01-25,4,35
2021-01-25,5,16
2021-01-25,6,8
2021-01-26,0,2941
2021-01-26,1,150
2021-01-26,2,53
2021-01-26,3,35
2021-01-26,4,24
2021-01-26,5,13
2021-01-27,0,3311
2021-01-27,1,158
2021-01-27,2,48
2021-01-27,3,23
2021-01-27,4,17
2021-01-28,0,3049
2021-01-28,1,139
2021-01-28,2,49
2021-01-28,3,25
2021-01-29,0,2801
2021-01-29,1,80
2021-01-29,2,42
2021-01-30,0,2231
2021-01-30,1,73
2021-01-31,0,2212
